age,gender,education,party,income,cc_worried,cc_climate_changing,cc_causes,cc_scientists_agree,cc_emotion_hope,cc_emotion_fear,cc_increase_taxes,cc_subs_renewable,cc_spend_to_protect,cc_help_dev_countries,cc_environment_british,cc_moral_concern,survey_wt,knowledge,knowledge_binary
65plus,male,degree,other,17500_24999,3,1,1,0,3,3,1,5,5,5,3,5,0.79749,0.1349925272543115,0
65plus,female,no_qual,other,up_to_9499,2,1,1,0,3,1,1,5,5,5,5,1,1.17074,0.1349925272543115,0
45-54,female,degree,cons,25000plus,2,1,1,0,2,1,4,5,5,4,3,3,2.06468,0.1349925272543115,0
25-34,female,no_qual,no_party,up_to_9499,3,1,1,1,2,3,3,4,5,4,4,3,1.55678,0.6612552775959889,1
25-34,female,other,labour,9500_17499,3,1,1,0,2,3,3,5,5,4,3,2,1.2629,0.1349925272543115,0
65plus,female,alevel,other,up_to_9499,2,1,1,1,1,1,4,5,5,1,4,2,1.1528,0.6612552775959889,1
15-24,male,alevel,no_party,25000plus,2,1,1,0,1,1,3,4,4,3,3,2,1.17916,0.1349925272543115,0
25-34,male,gcse,labour,25000plus,3,1,1,0,1,1,3,4,4,2,3,2,2.04164,0.1349925272543115,0
65plus,male,degree,cons,25000plus,2,1,1,0,2,2,5,5,5,1,5,4,0.62094,0.1349925272543115,0
25-34,female,alevel,no_party,25000plus,4,1,1,0,3,2,1,1,1,1,4,3,1.05096,0.1349925272543115,0
25-34,female,gcse,no_party,25000plus,1,1,1,0,1,1,1,1,1,1,3,1,1.05096,0.1349925272543115,0
15-24,male,student,no_party,25000plus,2,1,1,1,2,1,2,2,2,3,4,1,0.94084,0.6612552775959889,1
65plus,female,gcse,no_party,25000plus,3,1,1,1,5,5,2,2,2,2,4,2,1.08284,0.6612552775959889,1
55-64,female,gcse,labour,up_to_9499,3,1,1,0,3,3,4,5,5,5,4,3,0.98285,0.1349925272543115,0
65plus,female,gcse,cons,9500_17499,3,1,0,0,3,3,3,4,3,3,3,1,0.81702,-0.6248319183436151,0
65plus,male,no_qual,labour,up_to_9499,2,1,1,0,3,2,1,4,4,1,4,2,0.64169,0.1349925272543115,0
45-54,male,degree,other,25000plus,3,1,1,0,3,2,3,5,4,3,4,3,1.08007,0.1349925272543115,0
55-64,female,degree,other,17500_24999,5,1,1,0,2,2,4,5,5,5,3,5,0.94883,0.1349925272543115,0
45-54,male,no_qual,other,25000plus,3,1,1,1,1,5,3,5,3,1,3,1,0.53794,0.6612552775959889,1
25-34,male,gcse,labour,up_to_9499,5,1,1,1,5,2,1,5,5,1,1,3,1.50922,0.6612552775959889,1
55-64,female,no_qual,no_party,9500_17499,3,1,1,0,3,2,2,3,5,2,5,3,0.98285,0.1349925272543115,0
65plus,male,no_qual,other,9500_17499,1,0,0,0,1,1,1,1,1,1,5,1,0.53943,-1.7368542675113936,0
55-64,male,gcse,labour,25000plus,4,1,1,0,3,3,5,4,5,2,5,5,0.70282,0.1349925272543115,0
65plus,male,degree,cons,25000plus,2,1,1,0,4,1,2,5,5,4,4,5,0.53836,0.1349925272543115,0
65plus,female,no_qual,labour,9500_17499,3,0,0,0,2,3,3,3,4,2,3,3,0.99977,-1.7368542675113936,0
35-44,female,degree,labour,25000plus,5,1,1,0,1,1,3,3,3,3,3,3,1.33979,0.1349925272543115,0
15-24,female,alevel,labour,25000plus,3,1,1,0,3,2,4,3,3,4,3,3,0.90782,0.1349925272543115,0
65plus,male,no_qual,no_party,9500_17499,2,1,1,0,1,1,2,4,3,3,4,1,0.76685,0.1349925272543115,0
45-54,female,no_qual,no_party,9500_17499,1,1,1,0,2,2,3,4,3,4,3,3,0.85801,0.1349925272543115,0
55-64,male,gcse,labour,up_to_9499,1,1,1,0,3,3,4,4,4,4,4,3,0.84947,0.1349925272543115,0
45-54,female,alevel,labour,9500_17499,3,1,1,0,1,2,2,4,5,4,5,3,1.48368,0.1349925272543115,0
65plus,female,gcse,cons,25000plus,2,1,1,0,3,1,1,4,5,3,5,5,0.93583,0.1349925272543115,0
65plus,female,gcse,labour,up_to_9499,4,1,1,1,1,3,2,5,5,1,5,4,0.75893,0.6612552775959889,1
65plus,female,no_qual,no_party,25000plus,3,1,1,0,4,1,2,5,5,5,5,4,0.65054,0.1349925272543115,0
45-54,male,degree,no_party,25000plus,5,1,1,1,2,5,4,5,5,5,5,5,1.48579,0.6612552775959889,1
15-24,female,degree,no_party,9500_17499,2,1,1,1,1,1,4,5,2,4,3,2,1.49584,0.6612552775959889,1
55-64,male,degree,no_party,25000plus,5,1,1,1,1,2,4,4,4,4,3,5,0.50451,0.6612552775959889,1
55-64,male,degree,cons,25000plus,2,1,1,1,1,4,4,4,5,4,4,3,0.76962,0.6612552775959889,1
25-34,male,alevel,cons,25000plus,1,1,0,0,1,1,2,4,4,2,2,1,1.73637,-0.6248319183436151,0
65plus,male,no_qual,other,9500_17499,1,1,1,0,1,1,1,1,5,1,3,1,0.56517,0.1349925272543115,0
15-24,male,gcse,labour,25000plus,2,1,1,0,2,2,3,4,4,5,4,3,0.52188,0.1349925272543115,0
35-44,female,degree,labour,9500_17499,3,1,1,0,3,3,4,4,3,3,3,3,0.85926,0.1349925272543115,0
15-24,female,alevel,no_party,9500_17499,2,1,1,0,3,1,1,4,4,4,1,2,0.91258,0.1349925272543115,0
25-34,female,degree,labour,17500_24999,3,1,1,1,2,3,4,4,5,4,4,4,1.42384,0.6612552775959889,1
15-24,female,alevel,no_party,25000plus,3,1,1,0,1,4,4,4,4,4,4,4,0.99005,0.1349925272543115,0
15-24,male,alevel,labour,25000plus,4,1,1,1,4,4,5,5,5,4,3,4,0.72883,0.6612552775959889,1
15-24,male,alevel,labour,25000plus,3,1,1,0,3,3,4,4,4,4,3,2,0.68347,0.1349925272543115,0
35-44,male,gcse,lib_dem,25000plus,2,1,1,0,4,2,2,1,4,4,4,1,1.09708,0.1349925272543115,0
65plus,male,no_qual,other,25000plus,3,1,1,0,2,2,2,2,4,3,4,3,0.88472,0.1349925272543115,0
35-44,male,gcse,lib_dem,25000plus,1,1,1,0,2,1,1,4,4,1,4,1,1.63567,0.1349925272543115,0
15-24,female,student,labour,25000plus,2,1,1,0,2,1,4,3,4,4,3,2,1.28241,0.1349925272543115,0
25-34,male,degree,cons,17500_24999,1,1,0,0,4,1,1,5,1,1,5,1,0.97854,-0.6248319183436151,0
15-24,female,gcse,no_party,25000plus,3,1,1,0,2,2,5,5,5,5,4,4,1.28894,0.1349925272543115,0
35-44,male,degree,labour,25000plus,1,1,1,0,3,1,1,5,4,4,3,3,1.03372,0.1349925272543115,0
15-24,male,gcse,no_party,9500_17499,2,1,1,1,2,1,1,5,5,1,2,2,1.37183,0.6612552775959889,1
45-54,male,gcse,cons,25000plus,1,1,1,0,4,1,4,5,5,4,5,4,0.93689,0.1349925272543115,0
15-24,female,student,no_party,up_to_9499,2,1,1,0,4,1,2,4,5,1,3,2,1.37135,0.1349925272543115,0
65plus,male,alevel,cons,25000plus,2,1,0,0,5,1,1,5,4,1,5,3,0.52279,-0.6248319183436151,0
65plus,male,degree,labour,25000plus,5,1,1,1,4,4,4,5,5,5,5,5,0.79749,0.6612552775959889,1
45-54,female,gcse,other,25000plus,3,1,1,0,2,4,2,4,4,2,4,4,1.27045,0.1349925272543115,0
25-34,male,alevel,other,25000plus,2,1,0,0,1,1,3,3,5,1,1,2,1.73021,-0.6248319183436151,0
65plus,female,no_qual,no_party,25000plus,1,1,1,0,4,1,1,5,4,1,5,1,1.43366,0.1349925272543115,0
45-54,male,degree,cons,25000plus,4,1,1,0,4,2,4,4,5,2,4,4,1.40761,0.1349925272543115,0
65plus,female,degree,cons,25000plus,4,1,1,1,5,5,5,5,5,5,5,5,0.87174,0.6612552775959889,1
65plus,male,other,cons,25000plus,4,1,1,0,4,3,4,5,5,5,4,5,0.7495,0.1349925272543115,0
35-44,female,gcse,labour,17500_24999,3,1,1,0,1,3,3,5,5,3,4,4,1.06757,0.1349925272543115,0
55-64,female,gcse,labour,25000plus,2,1,1,0,4,3,2,5,5,1,5,4,0.71231,0.1349925272543115,0
45-54,male,no_qual,labour,17500_24999,2,1,1,0,1,1,2,4,4,2,3,2,0.61979,0.1349925272543115,0
35-44,female,alevel,no_party,25000plus,1,1,0,0,3,1,4,2,3,4,2,1,1.01597,-0.6248319183436151,0
25-34,male,other,no_party,up_to_9499,4,1,1,0,4,1,5,5,4,4,4,5,1.82535,0.1349925272543115,0
65plus,male,no_qual,labour,up_to_9499,1,1,0,0,1,1,2,4,5,1,3,1,1.14522,-0.6248319183436151,0
55-64,male,gcse,no_party,25000plus,2,0,0,0,1,1,2,2,2,2,3,3,0.64143,-1.7368542675113936,0
45-54,male,gcse,no_party,25000plus,4,1,1,0,2,2,2,4,4,4,4,3,0.96344,0.1349925272543115,0
65plus,male,gcse,cons,25000plus,5,1,1,0,2,2,1,4,5,2,4,4,0.66466,0.1349925272543115,0
55-64,female,gcse,no_party,25000plus,2,0,0,1,1,1,1,3,2,2,3,2,0.56946,-1.5211301619680593,0
35-44,male,alevel,labour,9500_17499,4,0,1,1,4,4,2,3,2,2,4,4,0.87274,-1.1369932893546735,0
15-24,male,no_qual,no_party,25000plus,3,1,1,1,3,3,4,4,4,4,3,4,0.81063,0.6612552775959889,1
15-24,female,alevel,labour,25000plus,2,0,0,0,3,3,3,3,3,3,3,3,0.92085,-1.7368542675113936,0
15-24,female,gcse,no_party,9500_17499,3,1,1,1,3,4,4,4,2,4,4,4,0.75058,0.6612552775959889,1
15-24,male,gcse,labour,17500_24999,3,1,1,0,4,3,4,5,5,3,3,4,0.71137,0.1349925272543115,0
25-34,male,gcse,cons,25000plus,2,0,1,0,4,1,3,4,3,4,2,1,2.04164,-1.313071516124142,0
65plus,male,gcse,labour,9500_17499,4,1,1,1,3,3,4,4,5,4,4,4,0.62958,0.6612552775959889,1
65plus,female,degree,lib_dem,9500_17499,5,1,1,1,2,3,4,5,5,4,2,5,1.19711,0.6612552775959889,1
55-64,female,degree,other,17500_24999,5,1,1,1,1,5,5,5,5,4,1,5,0.87325,0.6612552775959889,1
65plus,female,alevel,no_party,9500_17499,4,1,1,1,3,2,3,5,5,5,5,5,1.19711,0.6612552775959889,1
35-44,male,no_qual,no_party,9500_17499,1,1,1,1,1,4,3,5,5,5,4,5,0.98397,0.6612552775959889,1
55-64,male,degree,lib_dem,25000plus,1,1,1,0,1,1,5,2,5,1,4,2,1.20677,0.1349925272543115,0
65plus,male,alevel,labour,25000plus,3,1,1,0,2,1,1,5,5,5,4,3,0.52014,0.1349925272543115,0
65plus,male,gcse,cons,17500_24999,2,1,1,0,2,1,2,5,5,4,2,3,1.11179,0.1349925272543115,0
45-54,male,degree,labour,25000plus,5,1,1,1,1,3,5,5,5,5,3,5,1.36953,0.6612552775959889,1
55-64,female,degree,labour,25000plus,3,1,1,0,3,3,3,4,5,4,4,5,0.79124,0.1349925272543115,0
45-54,male,alevel,other,25000plus,3,1,1,1,2,2,4,5,5,1,2,4,0.99739,0.6612552775959889,1
35-44,female,degree,labour,17500_24999,2,0,0,0,3,3,4,3,4,3,3,3,1.13946,-1.7368542675113936,0
45-54,female,alevel,no_party,25000plus,2,0,1,0,2,3,2,4,4,2,4,2,1.04074,-1.313071516124142,0
55-64,female,degree,cons,25000plus,3,1,1,0,3,3,5,5,5,5,3,5,0.89562,0.1349925272543115,0
15-24,female,gcse,no_party,25000plus,3,1,1,0,3,2,3,4,3,2,4,2,0.66562,0.1349925272543115,0
45-54,female,alevel,other,25000plus,3,1,0,0,3,2,2,4,5,3,4,1,0.98104,-0.6248319183436151,0
65plus,female,no_qual,cons,up_to_9499,1,0,1,0,3,1,1,1,3,1,3,3,0.95597,-1.313071516124142,0
65plus,female,no_qual,cons,9500_17499,3,1,1,0,3,3,2,4,4,2,4,4,1.17246,0.1349925272543115,0
45-54,male,gcse,other,25000plus,1,1,1,0,2,1,1,1,3,1,2,2,0.86722,0.1349925272543115,0
65plus,female,gcse,no_party,9500_17499,2,1,1,1,2,1,2,5,4,2,4,3,0.70344,0.6612552775959889,1
35-44,female,gcse,no_party,17500_24999,1,1,0,1,3,3,3,3,3,3,3,3,1.11972,-0.3218308132340501,0
15-24,male,gcse,no_party,25000plus,3,1,1,0,3,3,3,3,3,3,3,3,0.71137,0.1349925272543115,0
65plus,male,alevel,labour,up_to_9499,3,1,0,0,2,3,3,3,3,2,4,3,0.61315,-0.6248319183436151,0
35-44,female,degree,labour,25000plus,4,1,1,0,3,3,2,5,4,2,5,3,0.8373,0.1349925272543115,0
55-64,male,gcse,no_party,9500_17499,2,1,1,1,3,1,4,3,3,3,5,3,0.58125,0.6612552775959889,1
15-24,female,gcse,labour,9500_17499,1,1,1,0,4,1,4,5,4,4,4,2,0.79589,0.1349925272543115,0
45-54,male,degree,cons,25000plus,1,1,1,0,2,1,2,5,5,5,3,4,0.7947,0.1349925272543115,0
55-64,female,gcse,labour,up_to_9499,5,1,1,1,1,5,3,5,5,5,4,3,1.41912,0.6612552775959889,1
35-44,male,no_qual,labour,9500_17499,1,1,1,0,1,1,2,4,5,5,4,3,1.24671,0.1349925272543115,0
65plus,male,no_qual,cons,9500_17499,1,0,0,1,4,1,2,3,5,5,5,1,0.52093,-1.5211301619680593,0
65plus,male,gcse,other,9500_17499,1,1,1,0,1,1,1,1,1,1,5,1,1.1667,0.1349925272543115,0
35-44,male,degree,no_party,25000plus,3,1,1,0,3,1,5,5,4,5,2,4,1.12905,0.1349925272543115,0
45-54,female,degree,labour,25000plus,3,1,1,0,1,2,4,4,4,4,4,3,1.5044,0.1349925272543115,0
55-64,female,alevel,cons,9500_17499,3,1,1,0,2,3,1,2,4,1,2,3,0.95366,0.1349925272543115,0
65plus,female,other,no_party,25000plus,5,1,1,0,5,1,1,5,5,2,2,5,1.17074,0.1349925272543115,0
55-64,female,no_qual,no_party,up_to_9499,2,1,1,1,3,2,2,5,5,1,4,3,2.02469,0.6612552775959889,1
55-64,male,degree,cons,25000plus,2,1,1,0,3,1,1,1,5,2,2,1,0.59924,0.1349925272543115,0
35-44,female,alevel,no_party,25000plus,3,1,1,0,1,4,2,4,4,2,3,3,1.60517,0.1349925272543115,0
25-34,female,gcse,other,17500_24999,3,1,1,1,1,2,5,5,5,4,3,3,1.22604,0.6612552775959889,1
35-44,female,gcse,labour,9500_17499,3,1,1,0,1,5,3,5,5,4,3,3,1.06192,0.1349925272543115,0
65plus,female,gcse,no_party,9500_17499,4,1,1,0,4,1,3,4,5,3,5,5,0.95597,0.1349925272543115,0
35-44,male,gcse,labour,9500_17499,3,1,1,0,4,4,2,4,5,4,3,3,1.25959,0.1349925272543115,0
65plus,female,no_qual,no_party,up_to_9499,4,1,1,1,2,1,3,3,5,4,5,5,1.15089,0.6612552775959889,1
65plus,male,no_qual,other,17500_24999,1,1,1,0,3,2,2,3,4,3,4,3,0.654,0.1349925272543115,0
25-34,female,no_qual,other,9500_17499,1,1,1,1,1,1,4,4,5,2,2,2,1.02801,0.6612552775959889,1
65plus,female,gcse,no_party,9500_17499,1,0,0,0,2,1,5,3,3,4,4,3,0.9483,-1.7368542675113936,0
45-54,male,alevel,cons,17500_24999,1,0,1,0,1,1,1,2,1,4,3,1,0.99233,-1.313071516124142,0
45-54,male,degree,lib_dem,25000plus,3,1,1,1,4,1,3,4,3,2,2,1,1.36953,0.6612552775959889,1
15-24,male,gcse,no_party,25000plus,2,1,0,0,1,1,1,1,1,1,2,1,1.32423,-0.6248319183436151,0
15-24,male,alevel,labour,25000plus,1,1,1,0,1,4,1,1,2,1,1,1,0.86808,0.1349925272543115,0
65plus,male,no_qual,cons,up_to_9499,3,1,1,0,4,5,4,4,2,3,4,3,0.42758,0.1349925272543115,0
55-64,female,gcse,cons,17500_24999,3,1,0,1,5,1,4,4,4,4,3,4,0.97828,-0.3218308132340501,0
65plus,male,degree,other,9500_17499,1,1,0,1,1,1,1,2,4,1,2,2,0.64571,-0.3218308132340501,0
55-64,male,degree,labour,9500_17499,3,1,1,0,4,3,2,4,4,4,4,3,0.79624,0.1349925272543115,0
15-24,male,alevel,no_party,25000plus,2,1,1,1,5,4,4,5,4,5,3,4,0.88024,0.6612552775959889,1
45-54,female,gcse,no_party,up_to_9499,3,1,1,1,2,4,1,3,5,4,3,4,0.97007,0.6612552775959889,1
15-24,female,gcse,other,up_to_9499,3,1,1,0,4,2,2,2,4,2,3,4,0.70093,0.1349925272543115,0
65plus,female,alevel,other,9500_17499,2,1,1,0,2,1,2,4,4,2,3,2,0.7663,0.1349925272543115,0
55-64,female,gcse,other,25000plus,3,1,1,0,3,2,3,3,3,3,3,3,0.91869,0.1349925272543115,0
35-44,female,gcse,labour,17500_24999,2,1,1,0,2,2,2,2,4,4,3,3,0.85398,0.1349925272543115,0
25-34,male,gcse,no_party,17500_24999,2,1,1,0,1,1,1,3,4,1,3,1,1.37824,0.1349925272543115,0
15-24,male,gcse,cons,9500_17499,2,1,1,0,1,1,3,4,5,4,3,3,0.77571,0.1349925272543115,0
55-64,male,degree,labour,25000plus,4,1,1,0,3,4,5,4,3,4,4,5,0.48611,0.1349925272543115,0
45-54,male,degree,labour,25000plus,3,1,1,1,2,2,5,5,4,5,3,3,0.89778,0.6612552775959889,1
35-44,female,degree,labour,25000plus,4,1,1,1,2,3,4,5,4,5,3,4,1.03617,0.6612552775959889,1
15-24,female,gcse,no_party,25000plus,3,1,1,0,2,4,4,4,3,4,3,2,1.33955,0.1349925272543115,0
65plus,male,no_qual,no_party,9500_17499,1,1,1,0,2,1,1,4,4,1,4,1,0.71289,0.1349925272543115,0
55-64,female,alevel,cons,9500_17499,3,1,1,0,2,2,3,4,3,2,4,2,1.01865,0.1349925272543115,0
55-64,male,degree,labour,25000plus,3,1,1,1,1,2,5,5,5,5,3,5,1.01296,0.6612552775959889,1
25-34,male,degree,cons,25000plus,3,1,1,1,2,2,2,4,4,3,2,2,1.45012,0.6612552775959889,1
65plus,female,gcse,other,9500_17499,3,1,1,0,4,1,3,4,5,2,5,2,0.81702,0.1349925272543115,0
25-34,male,degree,labour,25000plus,3,1,1,0,1,2,1,2,5,4,1,4,1.20538,0.1349925272543115,0
55-64,male,alevel,no_party,9500_17499,2,1,1,0,2,1,4,5,5,1,4,4,0.93067,0.1349925272543115,0
35-44,female,degree,labour,25000plus,3,1,1,1,4,2,5,5,5,5,2,5,1.30721,0.6612552775959889,1
55-64,male,no_qual,labour,9500_17499,1,0,0,1,1,1,2,2,4,3,3,3,0.68797,-1.5211301619680593,0
65plus,female,no_qual,other,25000plus,3,1,1,0,1,1,4,4,4,4,3,2,0.66506,0.1349925272543115,0
25-34,male,alevel,labour,25000plus,4,1,1,0,2,2,4,4,4,3,3,4,1.13422,0.1349925272543115,0
55-64,male,other,no_party,25000plus,1,0,1,0,3,1,2,2,4,2,2,1,0.67041,-1.313071516124142,0
45-54,female,alevel,labour,25000plus,3,1,1,1,1,3,4,4,5,2,1,4,1.08902,0.6612552775959889,1
65plus,male,no_qual,no_party,25000plus,2,0,0,0,2,1,1,5,5,3,4,2,0.61784,-1.7368542675113936,0
35-44,female,alevel,labour,up_to_9499,3,0,1,0,2,3,3,3,3,3,3,3,1.53401,-1.313071516124142,0
25-34,female,gcse,labour,25000plus,2,0,0,0,2,2,4,4,4,3,4,2,1.51533,-1.7368542675113936,0
65plus,male,no_qual,labour,up_to_9499,3,0,1,0,2,2,3,3,3,4,4,3,0.52187,-1.313071516124142,0
35-44,male,gcse,no_party,25000plus,3,1,0,0,2,3,3,4,4,4,4,3,1.19938,-0.6248319183436151,0
25-34,female,degree,no_party,25000plus,3,1,1,0,1,4,1,5,4,5,4,4,1.16321,0.1349925272543115,0
25-34,female,degree,no_party,25000plus,5,1,0,0,5,4,3,4,5,5,5,5,1.16321,-0.6248319183436151,0
65plus,male,degree,no_party,25000plus,1,0,0,0,1,1,1,1,3,4,5,1,1.07883,-1.7368542675113936,0
55-64,male,degree,cons,25000plus,3,1,1,1,1,4,1,1,5,5,1,5,1.04112,0.6612552775959889,1
45-54,male,gcse,lib_dem,25000plus,1,1,0,1,3,1,1,1,4,1,1,3,0.72771,-0.3218308132340501,0
65plus,female,no_qual,no_party,up_to_9499,3,1,0,0,3,4,4,4,5,5,5,3,0.85079,-0.6248319183436151,0
65plus,male,gcse,other,25000plus,1,1,1,0,1,5,3,4,4,4,5,1,0.45452,0.1349925272543115,0
45-54,male,gcse,other,25000plus,3,1,1,1,2,4,1,4,5,1,2,3,0.49376,0.6612552775959889,1
65plus,female,no_qual,cons,up_to_9499,3,0,1,0,4,2,3,1,4,4,5,3,0.93954,-1.313071516124142,0
35-44,male,degree,lib_dem,25000plus,3,1,1,0,4,3,4,4,3,4,4,3,1.2082,0.1349925272543115,0
65plus,female,alevel,lib_dem,25000plus,3,1,1,0,1,2,2,4,4,4,3,3,1.01893,0.1349925272543115,0
15-24,female,alevel,no_party,25000plus,3,1,1,0,2,2,2,4,2,2,5,2,0.68699,0.1349925272543115,0
65plus,female,no_qual,no_party,25000plus,2,1,1,0,3,1,2,2,3,2,4,2,0.9697,0.1349925272543115,0
65plus,female,no_qual,labour,25000plus,3,1,1,0,1,2,2,3,4,2,5,4,0.67752,0.1349925272543115,0
15-24,male,gcse,no_party,25000plus,1,1,1,0,4,1,3,4,4,4,2,1,0.6023,0.1349925272543115,0
25-34,female,degree,labour,25000plus,3,1,1,1,4,3,2,5,4,2,5,5,0.93533,0.6612552775959889,1
55-64,male,degree,labour,17500_24999,3,1,1,1,2,1,4,5,5,5,4,2,0.51954,0.6612552775959889,1
45-54,female,gcse,labour,25000plus,2,1,1,1,2,1,2,5,5,3,4,4,0.95597,0.6612552775959889,1
55-64,female,other,cons,up_to_9499,4,1,1,1,3,4,5,5,5,5,4,5,1.11469,0.6612552775959889,1
45-54,male,other,no_party,25000plus,3,1,1,0,2,2,1,2,4,3,4,3,1.05562,0.1349925272543115,0
65plus,male,other,other,25000plus,1,1,1,0,3,1,5,2,5,1,5,3,0.96278,0.1349925272543115,0
45-54,male,no_qual,no_party,9500_17499,1,1,0,0,5,1,1,4,1,1,1,1,1.15434,-0.6248319183436151,0
65plus,female,alevel,no_party,9500_17499,3,1,1,0,3,1,4,5,5,4,4,4,0.67752,0.1349925272543115,0
55-64,male,gcse,no_party,9500_17499,1,0,0,0,1,1,3,4,2,2,4,2,0.59818,-1.7368542675113936,0
55-64,female,degree,no_party,25000plus,3,1,1,0,2,3,4,4,4,4,4,4,0.78749,0.1349925272543115,0
35-44,male,degree,other,25000plus,3,1,1,0,2,2,2,2,5,4,3,2,1.08012,0.1349925272543115,0
55-64,male,other,other,25000plus,1,1,0,0,3,2,1,4,4,4,1,1,0.61824,-0.6248319183436151,0
45-54,female,gcse,no_party,25000plus,3,1,1,0,3,1,4,3,5,5,4,5,1.05439,0.1349925272543115,0
35-44,female,alevel,no_party,9500_17499,1,0,0,0,3,3,3,3,3,3,3,1,0.9845,-1.7368542675113936,0
15-24,female,gcse,no_party,17500_24999,3,1,1,0,3,3,3,3,3,3,2,1,1.10396,0.1349925272543115,0
35-44,male,degree,labour,25000plus,4,1,1,1,3,2,3,3,3,3,4,3,0.94975,0.6612552775959889,1
35-44,female,degree,labour,17500_24999,4,1,1,1,2,2,4,5,5,4,4,4,1.30465,0.6612552775959889,1
45-54,male,alevel,labour,25000plus,4,1,1,0,2,2,4,4,4,4,4,3,0.99932,0.1349925272543115,0
65plus,female,degree,labour,25000plus,4,1,1,0,2,2,5,5,5,5,3,5,0.78066,0.1349925272543115,0
25-34,female,degree,labour,25000plus,3,1,1,1,4,1,5,5,4,4,3,5,1.01425,0.6612552775959889,1
65plus,male,gcse,labour,9500_17499,1,1,1,0,1,1,1,2,4,5,4,1,0.42758,0.1349925272543115,0
55-64,male,gcse,labour,25000plus,4,1,1,0,2,4,3,4,4,1,4,4,0.61326,0.1349925272543115,0
65plus,female,degree,cons,9500_17499,3,1,1,0,2,2,3,3,4,3,3,4,1.15917,0.1349925272543115,0
35-44,male,degree,cons,25000plus,2,1,0,0,1,1,2,4,4,3,3,2,0.9095,-0.6248319183436151,0
35-44,male,degree,lib_dem,25000plus,3,1,1,0,4,4,3,4,4,4,3,4,1.22882,0.1349925272543115,0
55-64,male,degree,no_party,25000plus,2,1,1,0,1,1,4,4,4,4,3,3,1.45144,0.1349925272543115,0
65plus,male,gcse,no_party,9500_17499,3,1,1,0,3,3,4,4,3,4,3,3,0.49133,0.1349925272543115,0
65plus,female,alevel,no_party,25000plus,3,1,1,0,3,3,3,4,4,4,3,3,0.7904,0.1349925272543115,0
25-34,male,alevel,cons,25000plus,2,1,1,0,2,1,3,4,4,2,3,2,1.17216,0.1349925272543115,0
15-24,female,gcse,no_party,9500_17499,2,1,1,0,1,1,2,2,3,3,4,2,1.14597,0.1349925272543115,0
65plus,male,gcse,other,up_to_9499,3,1,1,0,4,2,4,5,4,4,5,4,0.71171,0.1349925272543115,0
45-54,female,no_qual,labour,25000plus,3,1,0,0,1,1,3,3,3,3,3,2,1.50909,-0.6248319183436151,0
45-54,female,alevel,other,25000plus,3,1,1,1,2,3,3,4,4,4,4,3,1.05439,0.6612552775959889,1
15-24,male,degree,cons,up_to_9499,2,1,1,1,1,1,3,3,3,3,3,3,0.88238,0.6612552775959889,1
65plus,female,gcse,other,up_to_9499,3,0,1,0,3,3,3,3,3,2,2,3,0.75339,-1.313071516124142,0
45-54,male,gcse,cons,up_to_9499,4,1,1,0,4,3,4,4,4,4,3,4,0.75471,0.1349925272543115,0
65plus,male,degree,lib_dem,25000plus,4,1,1,1,2,2,5,4,4,5,3,4,0.50371,0.6612552775959889,1
55-64,male,degree,no_party,25000plus,3,1,1,1,4,3,4,4,4,3,4,3,0.61326,0.6612552775959889,1
45-54,male,degree,lib_dem,25000plus,4,1,1,1,2,2,5,5,4,4,5,4,1.00257,0.6612552775959889,1
65plus,male,alevel,no_party,17500_24999,3,1,1,1,3,2,2,4,4,4,2,2,0.56801,0.6612552775959889,1
25-34,male,degree,labour,up_to_9499,2,0,0,0,1,1,3,3,3,3,5,1,1.12561,-1.7368542675113936,0
45-54,male,degree,other,25000plus,2,1,1,1,1,1,1,5,4,4,1,2,0.70685,0.6612552775959889,1
55-64,female,no_qual,labour,9500_17499,3,1,1,0,3,3,4,4,4,4,2,3,0.78473,0.1349925272543115,0
55-64,male,no_qual,no_party,25000plus,1,1,1,0,1,1,3,3,3,3,3,3,0.74005,0.1349925272543115,0
65plus,female,no_qual,labour,up_to_9499,1,0,0,0,5,1,3,3,3,3,3,1,0.93363,-1.7368542675113936,0
45-54,male,gcse,labour,9500_17499,3,1,1,0,2,2,2,5,5,2,5,4,1.05387,0.1349925272543115,0
55-64,female,degree,cons,17500_24999,3,1,1,1,2,2,2,2,4,4,2,2,0.64408,0.6612552775959889,1
15-24,female,alevel,other,up_to_9499,3,1,1,0,2,5,5,5,5,5,3,5,1.16697,0.1349925272543115,0
35-44,female,gcse,labour,9500_17499,2,1,1,0,3,4,3,4,4,5,4,4,1.30819,0.1349925272543115,0
65plus,female,degree,lib_dem,17500_24999,3,1,1,0,2,4,4,5,5,5,3,5,0.78066,0.1349925272543115,0
15-24,female,gcse,labour,25000plus,2,0,1,1,2,2,2,4,4,4,3,3,0.89428,-1.1369932893546735,0
55-64,female,no_qual,no_party,9500_17499,2,1,1,1,2,2,4,3,2,2,3,3,0.68671,0.6612552775959889,1
35-44,female,gcse,labour,17500_24999,3,1,1,1,2,1,4,4,4,4,4,2,1.13451,0.6612552775959889,1
35-44,female,alevel,labour,9500_17499,3,1,1,1,4,1,4,4,4,4,3,2,1.33397,0.6612552775959889,1
25-34,male,gcse,cons,9500_17499,2,1,1,0,3,1,1,5,5,1,3,2,1.24235,0.1349925272543115,0
15-24,male,alevel,cons,25000plus,3,1,0,1,2,3,2,5,5,4,3,4,0.65954,-0.3218308132340501,0
35-44,female,gcse,no_party,9500_17499,3,1,1,0,2,3,5,2,5,1,4,2,0.95048,0.1349925272543115,0
15-24,male,gcse,labour,25000plus,3,1,1,0,2,2,4,4,4,2,3,3,1.47033,0.1349925272543115,0
55-64,female,degree,labour,9500_17499,5,1,1,1,2,3,5,4,5,5,5,5,0.82779,0.6612552775959889,1
55-64,male,no_qual,labour,25000plus,1,1,0,0,1,3,4,4,5,4,5,5,0.47416,-0.6248319183436151,0
35-44,male,gcse,labour,25000plus,2,0,0,0,1,1,4,1,5,1,3,1,1.59424,-1.7368542675113936,0
15-24,female,gcse,no_party,25000plus,2,1,1,0,4,2,3,3,3,3,3,1,0.6835,0.1349925272543115,0
65plus,male,alevel,other,25000plus,5,1,1,1,1,5,3,5,5,5,3,5,0.77463,0.6612552775959889,1
65plus,female,gcse,cons,25000plus,1,0,1,0,3,1,2,2,4,4,3,3,0.96675,-1.313071516124142,0
25-34,male,degree,labour,25000plus,3,1,1,0,1,3,3,5,4,3,2,4,2.15845,0.1349925272543115,0
45-54,male,degree,other,25000plus,3,1,1,1,3,2,5,5,4,5,1,5,0.75321,0.6612552775959889,1
65plus,female,gcse,no_party,up_to_9499,5,1,1,0,2,5,4,5,4,3,5,4,0.86301,0.1349925272543115,0
35-44,male,degree,lib_dem,25000plus,3,1,1,0,2,2,4,4,4,4,4,2,1.16104,0.1349925272543115,0
55-64,female,alevel,labour,25000plus,1,1,0,0,1,1,2,1,2,2,3,1,0.65615,-0.6248319183436151,0
55-64,female,gcse,cons,25000plus,2,1,1,0,1,2,2,3,4,2,5,2,0.91014,0.1349925272543115,0
55-64,female,gcse,lib_dem,17500_24999,3,1,1,0,2,4,2,4,4,4,3,4,0.74285,0.1349925272543115,0
35-44,female,degree,labour,25000plus,3,1,1,1,3,3,1,5,5,4,4,3,1.09903,0.6612552775959889,1
15-24,male,alevel,other,up_to_9499,3,1,1,1,3,2,4,5,1,4,4,4,1.04261,0.6612552775959889,1
25-34,female,alevel,labour,25000plus,2,1,1,0,1,2,3,3,3,3,4,1,1.05096,0.1349925272543115,0
65plus,male,gcse,other,25000plus,2,1,1,0,1,1,3,4,3,3,3,1,0.63279,0.1349925272543115,0
15-24,male,alevel,cons,up_to_9499,4,1,1,1,3,4,5,5,4,4,3,5,0.81683,0.6612552775959889,1
65plus,male,degree,cons,17500_24999,2,1,0,0,2,1,1,1,4,3,2,1,0.52425,-0.6248319183436151,0
15-24,male,gcse,other,25000plus,3,1,1,1,3,1,5,4,5,5,3,3,0.97727,0.6612552775959889,1
25-34,male,gcse,other,25000plus,1,1,1,0,2,2,3,4,3,3,3,2,1.20338,0.1349925272543115,0
55-64,male,gcse,cons,25000plus,2,1,0,0,1,3,1,1,4,4,3,2,0.78142,-0.6248319183436151,0
35-44,female,alevel,lib_dem,25000plus,3,1,1,0,2,3,4,4,4,3,4,4,1.4427,0.1349925272543115,0
65plus,male,alevel,cons,up_to_9499,2,1,1,0,5,3,2,5,4,3,4,4,0.80567,0.1349925272543115,0
55-64,male,degree,labour,25000plus,3,1,1,1,3,3,4,4,4,4,4,2,0.78142,0.6612552775959889,1
65plus,female,gcse,other,up_to_9499,3,1,1,1,3,3,4,5,5,3,3,4,0.76279,0.6612552775959889,1
65plus,male,gcse,other,9500_17499,2,1,1,0,4,1,1,5,2,4,2,2,0.649,0.1349925272543115,0
15-24,female,degree,no_party,9500_17499,3,1,1,0,3,3,2,4,2,2,2,4,0.98347,0.1349925272543115,0
65plus,female,no_qual,labour,9500_17499,4,1,1,1,2,3,1,5,5,5,4,5,0.65386,0.6612552775959889,1
45-54,male,gcse,other,9500_17499,3,1,1,0,3,3,4,4,4,4,4,4,0.66781,0.1349925272543115,0
45-54,female,degree,other,25000plus,2,1,1,0,2,5,1,5,3,3,3,3,1.2149,0.1349925272543115,0
45-54,female,degree,labour,25000plus,3,1,1,1,2,3,5,5,5,5,2,5,1.83777,0.6612552775959889,1
15-24,male,gcse,no_party,25000plus,3,1,1,1,3,3,4,5,4,4,3,4,0.79468,0.6612552775959889,1
65plus,male,alevel,cons,9500_17499,2,1,1,1,4,1,5,5,5,1,5,5,0.73012,0.6612552775959889,1
15-24,male,gcse,no_party,25000plus,3,1,1,0,2,2,4,4,4,4,3,3,0.96626,0.1349925272543115,0
55-64,female,alevel,other,25000plus,3,1,1,1,2,4,1,3,5,2,4,3,0.88356,0.6612552775959889,1
65plus,female,degree,cons,17500_24999,3,1,1,1,4,2,5,5,5,5,5,5,0.94139,0.6612552775959889,1
65plus,female,no_qual,cons,up_to_9499,3,1,1,0,5,4,5,5,5,2,5,3,0.92624,0.1349925272543115,0
15-24,female,degree,no_party,25000plus,3,1,1,0,2,3,1,4,5,3,3,2,0.96756,0.1349925272543115,0
65plus,female,no_qual,cons,up_to_9499,1,1,1,0,5,5,1,1,3,1,1,1,0.92624,0.1349925272543115,0
65plus,male,no_qual,cons,up_to_9499,1,1,1,0,1,1,1,4,3,1,3,1,0.649,0.1349925272543115,0
65plus,female,no_qual,cons,up_to_9499,2,1,0,0,2,4,2,4,2,2,5,2,0.85179,-0.6248319183436151,0
55-64,male,other,no_party,25000plus,3,1,1,1,2,3,2,4,4,2,4,3,0.68354,0.6612552775959889,1
55-64,male,other,other,9500_17499,4,1,1,0,3,4,3,4,5,2,4,4,0.7046,0.1349925272543115,0
55-64,female,gcse,cons,25000plus,3,0,0,1,1,2,4,4,4,4,4,4,0.84558,-1.5211301619680593,0
65plus,female,degree,cons,up_to_9499,2,1,1,0,1,1,3,4,3,4,4,2,1.36854,0.1349925272543115,0
45-54,male,gcse,other,17500_24999,3,1,1,0,1,1,2,3,5,2,2,3,1.32291,0.1349925272543115,0
65plus,male,alevel,no_party,up_to_9499,3,1,1,0,2,3,2,5,5,4,4,3,0.50864,0.1349925272543115,0
15-24,male,gcse,no_party,9500_17499,3,1,1,0,3,1,2,4,4,5,2,3,0.55183,0.1349925272543115,0
55-64,female,no_qual,other,up_to_9499,3,1,1,0,3,2,3,4,3,3,4,2,0.78473,0.1349925272543115,0
25-34,male,alevel,labour,17500_24999,1,1,0,1,1,1,1,5,5,3,2,2,1.90486,-0.3218308132340501,0
35-44,male,alevel,no_party,9500_17499,2,1,1,0,3,1,3,5,4,4,3,3,1.19388,0.1349925272543115,0
35-44,male,gcse,labour,25000plus,3,1,1,0,1,4,4,5,4,4,1,5,1.14677,0.1349925272543115,0
55-64,male,degree,lib_dem,17500_24999,3,1,1,1,4,3,4,5,5,4,3,3,1.05708,0.6612552775959889,1
65plus,male,no_qual,other,up_to_9499,2,0,1,0,2,2,1,1,3,1,4,1,0.74394,-1.313071516124142,0
25-34,female,student,labour,25000plus,3,0,1,0,4,4,4,5,5,5,1,4,1.11311,-1.313071516124142,0
55-64,male,no_qual,other,25000plus,3,1,1,0,4,3,1,5,5,5,5,5,1.41892,0.1349925272543115,0
55-64,female,other,no_party,25000plus,3,1,1,1,2,4,4,4,4,4,5,4,1.08797,0.6612552775959889,1
65plus,male,alevel,no_party,25000plus,1,0,0,0,1,1,1,1,4,1,1,2,0.79871,-1.7368542675113936,0
45-54,male,alevel,other,25000plus,3,1,1,0,2,5,2,5,5,5,2,5,1.11746,0.1349925272543115,0
15-24,male,alevel,no_party,25000plus,2,1,1,1,2,2,4,3,4,4,3,2,0.9694,0.6612552775959889,1
55-64,male,degree,cons,25000plus,3,1,1,0,1,4,3,4,4,5,4,4,0.93551,0.1349925272543115,0
55-64,male,degree,no_party,25000plus,1,1,0,0,2,1,1,3,4,3,4,1,0.66293,-0.6248319183436151,0
65plus,female,gcse,labour,9500_17499,1,0,0,0,3,3,3,3,3,3,2,1,0.85863,-1.7368542675113936,0
15-24,female,degree,other,25000plus,5,1,1,1,1,4,4,4,5,4,3,5,0.67435,0.6612552775959889,1
25-34,male,student,other,25000plus,3,1,1,1,4,1,4,4,4,4,4,5,1.58759,0.6612552775959889,1
25-34,male,degree,labour,25000plus,5,1,1,1,1,4,4,4,4,4,2,2,1.98312,0.6612552775959889,1
65plus,female,other,no_party,25000plus,2,1,1,0,2,4,1,2,1,1,3,2,1.01607,0.1349925272543115,0
55-64,female,degree,no_party,9500_17499,4,1,1,1,3,3,3,3,3,3,3,4,0.58396,0.6612552775959889,1
45-54,male,gcse,labour,25000plus,1,1,1,0,1,1,1,3,3,1,3,3,0.62291,0.1349925272543115,0
65plus,male,other,cons,9500_17499,1,0,0,0,1,1,1,1,1,1,4,3,0.49463,-1.7368542675113936,0
55-64,female,alevel,no_party,up_to_9499,3,1,1,0,3,1,2,4,3,3,3,3,0.56594,0.1349925272543115,0
35-44,female,degree,labour,9500_17499,3,1,1,0,2,3,3,4,4,4,3,3,0.83865,0.1349925272543115,0
65plus,male,degree,cons,9500_17499,5,1,1,0,5,1,5,4,5,5,4,5,0.56231,0.1349925272543115,0
45-54,female,gcse,other,25000plus,2,1,1,0,2,1,2,5,5,1,3,1,1.44631,0.1349925272543115,0
65plus,female,no_qual,other,up_to_9499,2,1,0,1,4,1,2,5,4,4,5,2,0.77586,-0.3218308132340501,0
65plus,male,degree,other,up_to_9499,1,0,0,0,3,1,2,2,3,1,2,1,0.5078,-1.7368542675113936,0
35-44,male,degree,labour,25000plus,2,1,1,0,3,2,1,4,1,5,2,2,0.89871,0.1349925272543115,0
65plus,female,no_qual,no_party,up_to_9499,2,1,1,0,3,4,2,2,4,2,3,3,1.4195,0.1349925272543115,0
45-54,female,degree,labour,25000plus,3,1,0,1,4,2,2,4,2,3,4,4,1.60009,-0.3218308132340501,0
35-44,male,degree,no_party,25000plus,4,1,1,1,1,2,4,4,2,4,2,5,1.112,0.6612552775959889,1
45-54,female,gcse,other,25000plus,2,1,1,0,4,2,4,2,4,2,4,5,1.82753,0.1349925272543115,0
25-34,female,degree,cons,25000plus,5,1,1,0,2,4,4,4,4,4,4,4,1.41143,0.1349925272543115,0
25-34,male,no_qual,labour,9500_17499,4,1,1,0,4,5,5,5,5,4,5,5,1.46726,0.1349925272543115,0
35-44,male,gcse,no_party,17500_24999,3,1,1,1,3,3,2,5,5,4,3,3,1.39341,0.6612552775959889,1
35-44,male,alevel,cons,25000plus,3,1,1,0,3,2,3,4,5,2,2,2,1.0521,0.1349925272543115,0
55-64,male,alevel,cons,25000plus,4,1,1,1,2,4,2,4,5,2,4,3,1.31547,0.6612552775959889,1
45-54,male,no_qual,cons,up_to_9499,1,1,0,0,1,3,1,5,3,4,4,5,0.63092,-0.6248319183436151,0
15-24,male,alevel,labour,25000plus,3,1,1,0,2,2,1,2,4,5,1,2,0.61005,0.1349925272543115,0
35-44,male,alevel,cons,9500_17499,3,0,1,0,1,4,2,1,2,2,5,1,0.87274,-1.313071516124142,0
45-54,female,alevel,labour,9500_17499,4,1,1,0,3,4,2,4,5,5,5,2,0.89044,0.1349925272543115,0
25-34,female,degree,labour,9500_17499,5,1,1,1,1,4,5,5,4,4,2,4,1.00384,0.6612552775959889,1
35-44,female,alevel,no_party,25000plus,3,1,1,0,4,3,3,5,4,4,4,5,0.91155,0.1349925272543115,0
25-34,female,degree,labour,25000plus,4,1,1,0,2,3,5,5,4,5,4,4,1.01827,0.1349925272543115,0
15-24,female,degree,cons,17500_24999,3,1,1,0,3,3,3,3,3,3,3,2,0.98736,0.1349925272543115,0
15-24,male,student,cons,25000plus,3,1,1,0,3,2,4,3,2,4,3,1,0.61005,0.1349925272543115,0
15-24,male,degree,labour,9500_17499,3,1,0,0,2,2,3,4,5,4,4,3,0.51764,-0.6248319183436151,0
35-44,female,alevel,labour,17500_24999,2,1,1,0,2,3,1,5,5,2,3,1,0.90984,0.1349925272543115,0
15-24,male,alevel,no_party,25000plus,5,1,1,1,2,2,1,5,5,3,2,4,0.70241,0.6612552775959889,1
25-34,male,degree,labour,25000plus,3,1,1,0,4,3,3,4,5,5,5,4,1.71707,0.1349925272543115,0
15-24,female,gcse,cons,25000plus,4,1,1,0,2,4,4,5,4,5,4,5,0.94002,0.1349925272543115,0
45-54,female,degree,labour,9500_17499,3,1,1,0,4,2,4,5,5,4,2,3,1.02673,0.1349925272543115,0
25-34,female,alevel,cons,25000plus,1,1,1,0,2,1,2,4,4,4,2,1,1.46027,0.1349925272543115,0
55-64,female,degree,labour,9500_17499,5,1,1,1,2,5,4,5,5,5,5,5,1.23994,0.6612552775959889,1
25-34,male,gcse,labour,25000plus,3,1,1,0,2,2,1,4,4,3,4,4,1.20338,0.1349925272543115,0
45-54,female,degree,cons,25000plus,2,1,1,0,2,1,3,4,4,3,3,3,1.29531,0.1349925272543115,0
45-54,female,degree,other,25000plus,3,1,1,0,2,3,5,5,4,5,4,4,1.05439,0.1349925272543115,0
55-64,female,gcse,other,9500_17499,4,1,1,1,5,5,3,4,5,2,4,4,1.21023,0.6612552775959889,1
65plus,male,gcse,no_party,9500_17499,4,1,1,0,2,2,5,5,3,4,3,3,0.73383,0.1349925272543115,0
45-54,male,gcse,other,25000plus,3,1,1,1,3,3,4,5,5,4,3,4,0.89629,0.6612552775959889,1
65plus,female,degree,other,9500_17499,3,1,1,1,2,1,5,5,5,4,4,3,0.78066,0.6612552775959889,1
55-64,male,degree,no_party,17500_24999,2,1,0,0,3,2,2,1,4,3,2,2,0.47416,-0.6248319183436151,0
15-24,male,gcse,labour,up_to_9499,4,1,1,1,2,4,5,5,5,5,1,5,0.94557,0.6612552775959889,1
65plus,male,alevel,no_party,25000plus,4,1,1,1,5,4,4,5,5,2,4,5,0.52279,0.6612552775959889,1
25-34,female,gcse,labour,25000plus,2,0,1,0,2,3,3,3,3,4,4,4,1.51285,-1.313071516124142,0
45-54,male,gcse,labour,9500_17499,3,0,0,0,2,3,3,3,3,2,4,3,0.9183,-1.7368542675113936,0
25-34,male,gcse,labour,25000plus,3,0,1,0,4,2,3,3,3,4,3,2,1.45416,-1.313071516124142,0
55-64,male,gcse,no_party,up_to_9499,1,1,1,1,2,1,3,3,4,2,4,1,0.75047,0.6612552775959889,1
65plus,male,degree,labour,25000plus,2,1,1,0,4,1,2,5,5,3,3,3,0.35291,0.1349925272543115,0
65plus,male,gcse,cons,25000plus,1,1,1,0,2,1,4,4,5,5,4,5,0.35291,0.1349925272543115,0
65plus,male,gcse,other,9500_17499,2,1,1,0,1,2,1,4,2,1,3,3,0.66912,0.1349925272543115,0
45-54,female,alevel,labour,25000plus,5,1,1,0,3,4,2,5,5,5,4,5,0.86322,0.1349925272543115,0
55-64,male,degree,other,25000plus,3,1,1,1,2,3,1,5,5,2,1,2,1.20677,0.6612552775959889,1
15-24,male,gcse,labour,25000plus,4,1,1,0,1,2,4,5,5,2,5,2,1.0869,0.1349925272543115,0
65plus,male,gcse,other,up_to_9499,1,1,0,0,3,1,1,3,5,1,4,3,0.56231,-0.6248319183436151,0
15-24,female,alevel,labour,25000plus,3,1,1,0,1,1,2,4,4,4,3,2,0.99005,0.1349925272543115,0
15-24,male,student,labour,9500_17499,4,1,1,1,3,5,5,5,5,5,3,5,1.00611,0.6612552775959889,1
65plus,male,degree,no_party,25000plus,2,1,1,0,2,1,3,4,3,4,4,1,0.79749,0.1349925272543115,0
25-34,male,alevel,labour,25000plus,4,1,1,1,5,5,5,5,5,5,4,5,1.16434,0.6612552775959889,1
65plus,female,no_qual,cons,17500_24999,1,1,1,0,1,1,5,4,5,5,5,4,0.78066,0.1349925272543115,0
35-44,female,other,lib_dem,25000plus,3,1,1,1,3,3,4,5,4,4,4,3,0.83253,0.6612552775959889,1
15-24,male,alevel,no_party,25000plus,4,1,1,1,5,4,5,5,2,2,2,4,1.04402,0.6612552775959889,1
25-34,female,degree,no_party,25000plus,4,1,1,1,4,4,4,5,5,5,4,5,1.14017,0.6612552775959889,1
25-34,male,other,no_party,25000plus,3,1,1,1,2,3,3,4,4,3,4,3,1.91879,0.6612552775959889,1
45-54,female,gcse,no_party,up_to_9499,3,1,1,0,2,2,2,4,4,1,3,3,1.07415,0.1349925272543115,0
45-54,female,degree,labour,25000plus,3,1,1,0,3,2,4,4,5,4,4,3,1.07415,0.1349925272543115,0
35-44,female,degree,lib_dem,25000plus,2,1,0,0,1,1,2,3,1,1,3,1,1.30721,-0.6248319183436151,0
15-24,male,alevel,no_party,17500_24999,1,1,0,0,3,2,2,4,3,2,3,1,0.86808,-0.6248319183436151,0
45-54,female,alevel,no_party,25000plus,3,1,1,1,1,3,4,4,4,5,1,5,0.88499,0.6612552775959889,1
45-54,male,alevel,labour,9500_17499,2,1,1,0,1,1,2,5,3,3,4,2,1.32291,0.1349925272543115,0
65plus,male,gcse,cons,17500_24999,2,1,1,0,3,2,2,4,4,4,4,4,0.57228,0.1349925272543115,0
25-34,female,other,labour,25000plus,5,1,1,1,1,5,5,5,5,1,3,5,1.10471,0.6612552775959889,1
25-34,female,degree,cons,25000plus,3,1,1,0,3,5,4,5,5,5,5,1,1.01827,0.1349925272543115,0
65plus,male,degree,no_party,25000plus,3,1,1,0,3,2,5,5,5,5,5,5,0.56801,0.1349925272543115,0
35-44,female,other,no_party,up_to_9499,2,1,1,1,3,5,5,5,5,5,4,4,1.16278,0.6612552775959889,1
15-24,female,alevel,labour,25000plus,3,1,1,1,3,2,2,2,2,2,4,3,0.88875,0.6612552775959889,1
25-34,male,degree,cons,25000plus,3,1,1,1,1,1,3,4,4,5,3,4,0.83633,0.6612552775959889,1
35-44,female,alevel,cons,17500_24999,4,1,1,0,4,4,3,3,3,3,3,3,1.15368,0.1349925272543115,0
15-24,male,degree,labour,25000plus,2,1,1,0,3,3,1,2,1,5,4,3,0.51764,0.1349925272543115,0
25-34,female,degree,cons,25000plus,2,1,1,0,3,3,3,3,3,3,3,2,1.39677,0.1349925272543115,0
35-44,male,degree,labour,9500_17499,3,1,1,0,1,2,4,4,2,4,2,2,1.1785,0.1349925272543115,0
55-64,male,alevel,labour,25000plus,5,1,1,1,1,5,1,5,4,5,4,4,1.05708,0.6612552775959889,1
65plus,male,alevel,cons,17500_24999,3,1,1,1,3,4,5,4,5,4,5,3,0.80972,0.6612552775959889,1
15-24,female,alevel,labour,25000plus,4,1,1,1,5,3,5,5,4,5,4,5,1.37135,0.6612552775959889,1
35-44,male,alevel,labour,17500_24999,4,1,1,1,3,4,4,4,4,4,4,3,1.1151,0.6612552775959889,1
65plus,female,gcse,cons,up_to_9499,1,1,1,0,1,2,3,5,5,2,3,4,0.79039,0.1349925272543115,0
45-54,male,gcse,cons,25000plus,4,1,1,0,1,2,4,5,5,4,3,4,1.01011,0.1349925272543115,0
35-44,male,degree,cons,25000plus,2,1,1,1,4,2,5,5,5,4,2,4,1.85692,0.6612552775959889,1
35-44,female,degree,no_party,17500_24999,3,1,1,0,2,5,3,5,3,3,5,4,1.09754,0.1349925272543115,0
15-24,female,gcse,lib_dem,25000plus,2,1,1,0,1,1,3,3,3,3,3,1,1.00753,0.1349925272543115,0
45-54,male,no_qual,no_party,up_to_9499,3,1,1,1,1,1,1,5,5,1,1,3,0.89381,0.6612552775959889,1
15-24,female,alevel,labour,up_to_9499,3,1,1,1,2,2,1,5,1,5,4,4,1.01906,0.6612552775959889,1
65plus,male,alevel,cons,25000plus,3,1,1,1,2,2,1,5,5,5,5,4,0.7495,0.6612552775959889,1
15-24,male,degree,cons,25000plus,4,1,1,1,5,3,1,5,5,1,3,1,1.27915,0.6612552775959889,1
65plus,male,degree,cons,up_to_9499,2,0,1,0,3,4,3,4,3,3,4,3,0.53943,-1.313071516124142,0
45-54,female,gcse,cons,up_to_9499,3,0,1,0,2,2,3,2,2,2,3,2,1.17605,-1.313071516124142,0
25-34,female,degree,no_party,17500_24999,2,0,1,0,4,3,4,3,4,4,4,4,1.15066,-1.313071516124142,0
35-44,female,gcse,other,17500_24999,3,1,1,0,5,3,2,3,5,2,4,5,1.32176,0.1349925272543115,0
65plus,male,no_qual,cons,9500_17499,2,1,1,1,2,2,2,4,4,1,3,4,0.6733,0.6612552775959889,1
45-54,female,gcse,cons,25000plus,3,1,1,1,3,2,1,5,5,4,1,4,1.23766,0.6612552775959889,1
65plus,male,degree,cons,25000plus,1,1,1,0,1,1,4,5,5,1,3,1,0.7495,0.1349925272543115,0
65plus,male,gcse,cons,25000plus,2,1,1,1,2,2,2,3,4,1,5,4,0.68862,0.6612552775959889,1
55-64,female,gcse,labour,25000plus,2,1,1,0,2,1,2,3,4,2,4,4,0.63591,0.1349925272543115,0
55-64,female,degree,labour,25000plus,5,1,1,0,2,2,4,5,5,5,4,3,0.73271,0.1349925272543115,0
65plus,female,alevel,other,25000plus,1,1,1,0,2,1,2,2,5,1,4,2,0.67752,0.1349925272543115,0
65plus,female,degree,cons,9500_17499,1,1,1,0,1,1,1,5,5,1,5,1,0.78066,0.1349925272543115,0
65plus,male,degree,labour,25000plus,2,1,1,0,2,1,1,5,4,4,4,3,0.7495,0.1349925272543115,0
25-34,male,degree,no_party,17500_24999,2,1,1,0,3,2,3,4,2,4,4,2,1.45416,0.1349925272543115,0
55-64,male,degree,lib_dem,9500_17499,4,1,1,1,2,2,4,4,5,5,4,5,0.54542,0.6612552775959889,1
35-44,female,gcse,cons,9500_17499,3,0,1,0,4,4,2,3,4,3,3,3,1.25037,-1.313071516124142,0
15-24,male,other,no_party,17500_24999,4,1,1,0,2,1,4,4,4,4,3,2,1.08355,0.1349925272543115,0
15-24,female,other,no_party,25000plus,3,1,1,1,2,2,3,2,3,2,4,3,1.48476,0.6612552775959889,1
15-24,female,other,no_party,25000plus,4,1,1,0,2,2,4,3,3,4,4,2,1.73213,0.1349925272543115,0
55-64,male,gcse,cons,17500_24999,2,1,1,0,3,2,3,4,3,3,3,3,0.47416,0.1349925272543115,0
65plus,female,gcse,no_party,25000plus,2,1,1,0,2,2,2,4,4,2,3,1,0.67752,0.1349925272543115,0
45-54,male,no_qual,labour,9500_17499,2,1,1,0,5,2,2,4,4,4,4,2,1.52297,0.1349925272543115,0
25-34,female,alevel,labour,9500_17499,3,1,1,0,3,1,3,4,4,4,3,3,1.76144,0.1349925272543115,0
15-24,female,alevel,lib_dem,up_to_9499,3,1,1,1,2,2,4,4,4,4,4,5,0.89579,0.6612552775959889,1
15-24,male,alevel,no_party,up_to_9499,2,1,1,1,2,2,2,2,2,4,5,2,0.75327,0.6612552775959889,1
55-64,female,gcse,labour,up_to_9499,5,1,1,0,2,3,4,4,4,4,4,5,1.18705,0.1349925272543115,0
15-24,female,degree,no_party,up_to_9499,3,1,1,1,1,1,5,5,5,3,5,5,0.97183,0.6612552775959889,1
45-54,male,degree,other,25000plus,3,1,0,0,3,3,2,2,4,2,2,2,0.68741,-0.6248319183436151,0
65plus,female,other,labour,17500_24999,4,1,1,0,5,5,3,5,4,3,5,5,0.9697,0.1349925272543115,0
25-34,male,gcse,no_party,17500_24999,3,0,1,0,4,2,2,3,4,3,4,3,1.39037,-1.313071516124142,0
55-64,male,no_qual,other,17500_24999,1,1,1,0,4,1,3,4,4,1,4,1,0.71794,0.1349925272543115,0
15-24,male,degree,labour,25000plus,2,1,1,0,1,2,5,4,4,4,3,4,0.7907,0.1349925272543115,0
15-24,male,alevel,labour,25000plus,4,1,1,1,3,2,5,5,5,5,3,5,0.7907,0.6612552775959889,1
15-24,male,alevel,labour,25000plus,3,1,1,0,2,2,5,5,5,4,3,4,1.26981,0.1349925272543115,0
55-64,female,gcse,no_party,9500_17499,4,1,1,0,4,2,2,2,5,2,2,3,0.81504,0.1349925272543115,0
45-54,female,alevel,labour,25000plus,3,1,1,0,4,2,4,2,5,5,4,4,1.23766,0.1349925272543115,0
65plus,male,no_qual,labour,25000plus,3,1,1,0,3,1,5,5,5,5,3,5,0.50864,0.1349925272543115,0
45-54,male,degree,no_party,25000plus,2,1,1,1,2,1,5,5,5,4,2,2,1.40977,0.6612552775959889,1
15-24,female,gcse,no_party,9500_17499,3,1,1,1,2,3,2,5,4,5,3,4,1.15245,0.6612552775959889,1
15-24,male,gcse,labour,25000plus,2,1,0,0,3,1,3,4,4,4,2,2,0.86609,-0.6248319183436151,0
55-64,male,no_qual,no_party,up_to_9499,1,1,1,0,3,2,2,4,3,2,3,3,0.62794,0.1349925272543115,0
45-54,male,degree,labour,25000plus,3,1,1,0,3,2,3,4,4,4,4,4,1.36726,0.1349925272543115,0
35-44,male,gcse,labour,up_to_9499,1,1,0,0,5,1,4,4,4,4,4,3,0.80478,-0.6248319183436151,0
25-34,male,gcse,other,up_to_9499,3,1,1,0,2,1,2,5,5,3,1,2,1.66985,0.1349925272543115,0
35-44,female,degree,other,17500_24999,3,1,1,0,2,2,1,4,5,3,2,5,0.71969,0.1349925272543115,0
65plus,female,no_qual,labour,9500_17499,2,1,1,0,3,3,4,3,3,1,4,3,0.92259,0.1349925272543115,0
55-64,male,alevel,labour,9500_17499,2,1,0,0,4,1,2,4,4,4,4,2,1.09894,-0.6248319183436151,0
35-44,female,gcse,no_party,25000plus,2,1,0,0,3,3,3,4,4,3,4,3,0.87755,-0.6248319183436151,0
45-54,female,degree,cons,25000plus,2,1,1,0,3,3,3,4,4,4,2,3,0.82495,0.1349925272543115,0
65plus,male,no_qual,no_party,up_to_9499,5,1,1,0,3,3,5,5,5,4,4,3,0.42758,0.1349925272543115,0
45-54,male,gcse,no_party,25000plus,1,1,1,0,1,1,1,1,4,1,1,2,0.75471,0.1349925272543115,0
45-54,female,degree,labour,25000plus,2,1,1,1,4,1,2,5,3,3,5,3,0.95811,0.6612552775959889,1
65plus,female,no_qual,labour,25000plus,2,1,1,0,3,4,4,3,4,3,3,5,0.77193,0.1349925272543115,0
45-54,male,degree,cons,25000plus,2,1,1,0,1,1,3,4,5,3,2,1,0.62291,0.1349925272543115,0
55-64,male,degree,cons,25000plus,3,1,1,0,3,1,1,5,1,4,2,3,0.70282,0.1349925272543115,0
35-44,male,degree,no_party,17500_24999,2,1,1,1,5,1,5,5,4,1,4,4,0.75067,0.6612552775959889,1
65plus,male,degree,labour,17500_24999,4,1,1,1,4,2,5,5,5,5,3,5,0.7495,0.6612552775959889,1
65plus,male,gcse,cons,17500_24999,3,1,1,0,3,3,2,2,4,4,4,1,0.7495,0.1349925272543115,0
45-54,male,gcse,other,17500_24999,1,1,0,0,1,1,1,4,5,4,3,1,1.1169,-0.6248319183436151,0
65plus,male,gcse,other,25000plus,4,0,1,0,2,1,2,2,5,4,2,4,0.79749,-1.313071516124142,0
15-24,male,gcse,other,9500_17499,3,1,1,0,4,3,3,5,4,3,3,3,0.52014,0.1349925272543115,0
65plus,female,no_qual,labour,up_to_9499,4,1,1,0,1,2,3,5,5,5,4,5,0.95113,0.1349925272543115,0
65plus,male,other,lib_dem,25000plus,2,1,1,0,3,1,4,4,5,3,4,3,0.7495,0.1349925272543115,0
55-64,male,alevel,labour,25000plus,3,1,1,0,1,3,5,1,5,5,5,5,0.90698,0.1349925272543115,0
45-54,male,degree,no_party,9500_17499,3,1,1,1,1,2,4,5,4,4,2,4,0.59822,0.6612552775959889,1
45-54,male,gcse,no_party,25000plus,2,1,1,0,4,1,1,4,4,2,1,2,0.83844,0.1349925272543115,0
15-24,male,alevel,labour,25000plus,4,1,1,0,1,4,4,4,4,4,4,4,0.86246,0.1349925272543115,0
45-54,female,gcse,labour,9500_17499,2,1,1,1,2,2,4,4,5,3,4,2,1.15997,0.6612552775959889,1
55-64,female,other,labour,25000plus,3,1,1,0,4,4,4,4,5,4,4,4,0.93716,0.1349925272543115,0
35-44,male,no_qual,labour,9500_17499,2,1,1,0,3,1,3,4,4,3,2,4,0.96223,0.1349925272543115,0
25-34,female,gcse,labour,9500_17499,3,1,1,1,2,2,3,4,5,4,4,3,1.26734,0.6612552775959889,1
65plus,male,no_qual,no_party,17500_24999,1,1,1,0,2,1,2,2,4,2,3,3,0.5078,0.1349925272543115,0
45-54,female,alevel,labour,9500_17499,4,1,1,0,3,1,2,4,4,3,4,5,1.16533,0.1349925272543115,0
65plus,female,no_qual,other,up_to_9499,3,1,1,0,1,3,3,2,4,4,3,4,0.66506,0.1349925272543115,0
35-44,female,degree,other,25000plus,2,1,1,1,1,2,4,4,4,2,3,2,0.85398,0.6612552775959889,1
45-54,female,no_qual,no_party,25000plus,2,0,0,1,1,1,2,4,3,2,3,1,0.74844,-1.5211301619680593,0
35-44,female,alevel,no_party,25000plus,3,1,1,0,3,3,3,4,4,3,3,3,0.8373,0.1349925272543115,0
65plus,male,degree,labour,9500_17499,1,1,0,1,1,1,2,2,4,4,1,1,0.77463,-0.3218308132340501,0
65plus,male,other,labour,9500_17499,2,0,1,0,2,1,1,3,4,3,4,3,0.45452,-1.313071516124142,0
65plus,female,alevel,lib_dem,17500_24999,3,1,1,1,3,2,2,4,5,2,3,2,0.86301,0.6612552775959889,1
55-64,female,gcse,no_party,25000plus,2,1,0,0,1,1,2,4,4,2,3,1,0.63591,-0.6248319183436151,0
65plus,female,gcse,no_party,25000plus,3,1,1,0,3,2,4,4,4,4,4,3,0.95113,0.1349925272543115,0
15-24,male,gcse,labour,25000plus,4,1,1,0,2,4,2,4,4,4,5,4,1.17524,0.1349925272543115,0
25-34,male,gcse,no_party,25000plus,2,1,1,1,1,1,2,2,4,2,2,1,1.16434,0.6612552775959889,1
15-24,male,alevel,no_party,25000plus,3,1,1,1,2,2,4,4,3,3,2,1,0.94557,0.6612552775959889,1
55-64,male,alevel,cons,25000plus,2,1,1,0,1,2,2,2,4,2,2,1,1.23442,0.1349925272543115,0
55-64,male,alevel,no_party,25000plus,4,1,1,1,3,1,4,5,5,5,3,5,1.23442,0.6612552775959889,1
45-54,female,no_qual,labour,9500_17499,2,1,0,0,2,1,3,3,3,3,3,1,1.53737,-0.6248319183436151,0
55-64,female,no_qual,labour,up_to_9499,1,0,0,0,1,1,3,3,3,3,3,1,0.79943,-1.7368542675113936,0
65plus,male,no_qual,labour,25000plus,2,1,1,1,1,1,3,3,3,4,3,1,0.68513,0.6612552775959889,1
65plus,male,gcse,no_party,17500_24999,3,1,1,0,3,3,2,4,4,4,4,3,0.52359,0.1349925272543115,0
25-34,male,degree,cons,25000plus,2,1,1,0,1,1,2,3,4,2,2,1,1.24079,0.1349925272543115,0
25-34,female,gcse,no_party,up_to_9499,3,1,1,0,2,4,2,5,5,1,3,4,1.0147,0.1349925272543115,0
15-24,female,alevel,no_party,25000plus,3,1,1,0,3,3,4,4,4,4,3,3,1.51317,0.1349925272543115,0
45-54,female,degree,no_party,25000plus,3,1,1,0,3,1,1,4,5,5,5,4,2.42101,0.1349925272543115,0
25-34,female,degree,cons,25000plus,3,1,1,0,1,3,4,4,4,2,4,3,1.85694,0.1349925272543115,0
35-44,female,degree,labour,25000plus,3,1,1,0,3,2,5,5,4,5,3,4,1.6257,0.1349925272543115,0
25-34,male,gcse,no_party,25000plus,1,1,1,0,1,1,4,5,4,2,2,1,1.36937,0.1349925272543115,0
15-24,female,alevel,cons,25000plus,3,1,1,0,2,3,4,4,4,4,3,3,1.03026,0.1349925272543115,0
55-64,female,degree,no_party,25000plus,3,1,1,1,1,2,4,3,5,5,1,5,0.55899,0.6612552775959889,1
45-54,female,gcse,other,9500_17499,3,1,1,1,4,2,2,5,5,4,1,3,1.2149,0.6612552775959889,1
45-54,male,degree,other,25000plus,3,1,1,1,3,3,5,5,5,5,1,3,1.08377,0.6612552775959889,1
65plus,male,alevel,no_party,9500_17499,1,0,1,0,2,1,2,2,4,4,4,2,0.79749,-1.313071516124142,0
55-64,female,other,cons,25000plus,2,1,1,0,2,1,2,3,4,2,3,2,0.64408,0.1349925272543115,0
55-64,female,degree,cons,25000plus,4,1,1,0,4,4,3,4,5,3,4,4,0.71923,0.1349925272543115,0
55-64,female,gcse,cons,25000plus,1,0,0,0,1,1,1,1,5,1,2,1,1.07836,-1.7368542675113936,0
65plus,female,degree,cons,25000plus,2,1,1,0,2,2,2,2,4,4,4,1,0.91071,0.1349925272543115,0
45-54,female,degree,cons,25000plus,3,1,1,0,3,3,3,4,4,3,4,3,1.14448,0.1349925272543115,0
25-34,female,gcse,no_party,17500_24999,2,1,0,0,1,3,4,4,4,4,4,3,1.28299,-0.6248319183436151,0
35-44,male,gcse,no_party,17500_24999,4,1,1,1,3,3,1,4,5,4,4,4,1.19388,0.6612552775959889,1
65plus,male,other,lib_dem,9500_17499,4,1,1,1,2,2,4,5,5,4,2,3,0.79802,0.6612552775959889,1
65plus,male,gcse,labour,25000plus,1,1,0,0,3,1,1,5,5,3,4,4,0.71171,-0.6248319183436151,0
65plus,female,other,no_party,up_to_9499,3,1,1,1,3,4,1,5,5,1,5,5,0.70344,0.6612552775959889,1
45-54,female,other,labour,25000plus,3,1,1,0,1,1,1,5,5,1,2,2,1.09073,0.1349925272543115,0
15-24,male,other,labour,25000plus,4,1,1,1,1,4,4,5,5,3,2,3,0.61471,0.6612552775959889,1
65plus,male,no_qual,labour,25000plus,1,1,1,1,3,1,4,1,4,4,5,5,0.5705,0.6612552775959889,1
15-24,female,degree,other,up_to_9499,4,1,1,1,3,4,5,5,5,5,3,4,0.89579,0.6612552775959889,1
25-34,female,degree,other,25000plus,3,1,1,0,1,2,5,5,4,4,1,3,1.21299,0.1349925272543115,0
45-54,male,other,no_party,17500_24999,4,1,1,0,2,3,4,4,5,2,5,3,0.75511,0.1349925272543115,0
45-54,male,other,labour,25000plus,4,1,1,0,2,3,4,4,4,4,4,3,1.65762,0.1349925272543115,0
45-54,female,no_qual,no_party,9500_17499,2,0,0,0,2,2,4,2,2,3,3,2,1.42028,-1.7368542675113936,0
25-34,female,other,labour,9500_17499,4,1,1,0,3,2,4,4,4,4,5,3,0.93205,0.1349925272543115,0
25-34,female,gcse,no_party,17500_24999,3,1,1,0,1,4,4,4,4,4,4,4,0.93205,0.1349925272543115,0
25-34,female,gcse,other,up_to_9499,3,1,1,0,3,2,4,4,4,2,4,2,1.73842,0.1349925272543115,0
45-54,female,alevel,no_party,17500_24999,3,1,1,0,1,2,3,4,4,2,4,3,1.46951,0.1349925272543115,0
65plus,male,gcse,no_party,up_to_9499,3,1,1,0,1,3,2,4,4,2,3,3,0.65177,0.1349925272543115,0
15-24,male,gcse,labour,25000plus,3,1,1,0,2,2,4,4,4,2,4,3,0.89938,0.1349925272543115,0
45-54,male,degree,cons,25000plus,4,1,1,1,2,4,4,4,4,4,4,5,1.02512,0.6612552775959889,1
15-24,male,degree,cons,25000plus,3,1,1,1,3,4,4,4,4,4,4,3,1.04907,0.6612552775959889,1
45-54,female,gcse,no_party,25000plus,4,1,1,0,2,2,4,4,5,4,4,2,1.49249,0.1349925272543115,0
45-54,male,alevel,no_party,25000plus,3,0,1,0,2,3,3,4,3,4,4,4,0.77204,-1.313071516124142,0
35-44,male,no_qual,labour,9500_17499,3,1,1,1,4,4,4,4,4,4,3,3,1.51169,0.6612552775959889,1
55-64,male,no_qual,labour,9500_17499,1,1,0,0,3,3,3,3,3,4,3,1,0.74637,-0.6248319183436151,0
25-34,female,gcse,no_party,9500_17499,2,0,1,0,1,1,3,3,3,3,3,1,1.18565,-1.313071516124142,0
55-64,female,gcse,other,up_to_9499,1,1,0,0,3,1,3,5,4,1,2,1,0.81463,-0.6248319183436151,0
65plus,male,alevel,labour,17500_24999,1,1,0,0,3,1,2,2,4,1,2,1,0.40705,-0.6248319183436151,0
55-64,female,no_qual,labour,up_to_9499,5,1,1,0,1,5,1,5,5,1,5,5,0.8105,0.1349925272543115,0
35-44,female,degree,labour,17500_24999,3,1,1,0,3,4,2,4,4,5,2,5,1.15441,0.1349925272543115,0
15-24,female,degree,cons,up_to_9499,3,1,1,1,3,2,2,4,5,4,4,3,0.97183,0.6612552775959889,1
55-64,female,gcse,lib_dem,17500_24999,2,1,1,0,3,2,2,4,4,3,4,1,0.75179,0.1349925272543115,0
45-54,male,alevel,labour,17500_24999,1,1,1,0,1,1,2,4,4,3,4,2,0.87304,0.1349925272543115,0
15-24,female,other,no_party,25000plus,1,0,1,0,3,1,2,3,4,4,2,2,1.05804,-1.313071516124142,0
65plus,female,gcse,cons,9500_17499,1,0,1,0,1,1,3,3,3,3,3,1,0.86301,-1.313071516124142,0
65plus,female,alevel,lib_dem,17500_24999,3,1,1,0,2,1,2,3,4,3,3,2,1.35092,0.1349925272543115,0
65plus,female,no_qual,no_party,25000plus,3,1,1,1,4,3,2,2,5,4,5,1,0.92207,0.6612552775959889,1
15-24,female,degree,labour,9500_17499,2,1,1,0,1,2,5,4,4,2,3,4,1.38689,0.1349925272543115,0
45-54,male,gcse,lib_dem,25000plus,2,1,1,0,4,1,5,5,5,3,2,3,1.81178,0.1349925272543115,0
45-54,female,no_qual,no_party,9500_17499,3,1,0,0,2,2,4,4,4,4,4,4,1.19619,-0.6248319183436151,0
55-64,male,degree,cons,9500_17499,2,1,0,0,2,1,4,4,4,4,3,2,0.49005,-0.6248319183436151,0
65plus,female,no_qual,lib_dem,9500_17499,2,1,0,0,1,3,4,4,4,4,2,2,0.93363,-0.6248319183436151,0
15-24,female,degree,labour,25000plus,3,1,1,0,2,2,3,5,3,4,3,4,1.2655,0.1349925272543115,0
35-44,male,degree,labour,25000plus,4,1,1,0,2,1,3,4,4,4,3,2,0.50093,0.1349925272543115,0
35-44,female,degree,labour,25000plus,4,1,1,0,3,3,4,5,4,5,4,4,0.64377,0.1349925272543115,0
35-44,female,gcse,no_party,25000plus,1,0,1,0,1,1,1,3,3,3,3,4,1.02889,-1.313071516124142,0
65plus,male,gcse,labour,9500_17499,4,1,1,0,2,2,4,4,4,4,4,4,0.40499,0.1349925272543115,0
15-24,female,degree,labour,25000plus,3,1,1,1,4,4,2,4,4,4,1,4,1.09838,0.6612552775959889,1
65plus,female,no_qual,cons,9500_17499,2,1,0,0,3,1,3,5,5,2,5,2,1.487,-0.6248319183436151,0
65plus,female,degree,labour,up_to_9499,5,1,1,0,3,5,3,4,5,5,2,5,1.19711,0.1349925272543115,0
45-54,male,gcse,labour,9500_17499,1,1,1,0,1,1,1,5,4,3,1,5,0.76551,0.1349925272543115,0
25-34,male,gcse,no_party,9500_17499,3,1,1,0,3,4,3,4,4,4,3,4,2.23494,0.1349925272543115,0
45-54,male,degree,lib_dem,up_to_9499,3,1,1,0,4,1,2,4,3,3,2,3,0.77128,0.1349925272543115,0
35-44,female,degree,cons,25000plus,3,1,1,0,4,4,4,3,5,4,4,3,1.37196,0.1349925272543115,0
35-44,male,alevel,cons,25000plus,2,1,1,0,4,2,5,5,5,5,5,5,1.21728,0.1349925272543115,0
15-24,female,alevel,labour,25000plus,1,0,1,0,2,4,2,2,3,1,1,3,0.91258,-1.313071516124142,0
55-64,male,alevel,other,25000plus,3,1,1,0,3,3,2,5,4,4,5,4,0.55228,0.1349925272543115,0
45-54,male,degree,no_party,25000plus,3,1,1,0,2,1,3,3,4,3,5,3,0.68741,0.1349925272543115,0
45-54,female,gcse,cons,17500_24999,2,1,1,0,2,2,3,4,5,4,4,2,0.88949,0.1349925272543115,0
65plus,female,other,cons,25000plus,2,1,1,0,3,4,5,3,5,3,5,5,0.67752,0.1349925272543115,0
65plus,male,other,labour,25000plus,4,1,1,0,2,3,3,4,5,4,4,4,0.7495,0.1349925272543115,0
65plus,female,no_qual,cons,17500_24999,3,1,0,0,5,2,4,5,5,3,5,3,0.7904,-0.6248319183436151,0
25-34,male,gcse,other,25000plus,3,1,1,1,2,3,1,4,4,1,2,2,0.68225,0.6612552775959889,1
55-64,male,gcse,labour,9500_17499,1,1,1,0,5,1,1,1,5,1,3,1,0.61067,0.1349925272543115,0
45-54,male,degree,labour,17500_24999,4,1,1,1,4,3,4,5,5,5,2,5,1.01968,0.6612552775959889,1
65plus,female,no_qual,cons,9500_17499,2,1,0,0,1,1,2,5,5,5,5,2,0.7904,-0.6248319183436151,0
15-24,female,degree,no_party,25000plus,2,1,1,0,1,1,1,5,5,5,2,2,0.86669,0.1349925272543115,0
65plus,female,no_qual,no_party,9500_17499,1,0,0,0,1,1,2,3,5,4,2,2,1.17364,-1.7368542675113936,0
45-54,female,gcse,other,9500_17499,5,1,1,0,2,3,5,5,5,5,3,5,0.98824,0.1349925272543115,0
45-54,male,gcse,lib_dem,17500_24999,1,1,1,0,4,3,1,2,5,1,5,3,1.12218,0.1349925272543115,0
35-44,male,no_qual,labour,up_to_9499,4,0,1,0,4,4,3,2,4,4,4,2,1.23346,-1.313071516124142,0
65plus,male,no_qual,labour,up_to_9499,5,1,1,0,4,2,2,5,3,4,4,4,0.67433,0.1349925272543115,0
35-44,male,gcse,labour,up_to_9499,3,0,1,0,2,4,4,4,3,5,4,4,1.3423,-1.313071516124142,0
25-34,female,degree,labour,25000plus,3,1,1,0,3,2,2,3,4,3,2,4,1.3847,0.1349925272543115,0
15-24,male,degree,labour,up_to_9499,5,0,1,0,2,1,3,3,3,4,4,3,0.86219,-1.313071516124142,0
65plus,female,no_qual,labour,up_to_9499,1,0,0,0,1,1,2,4,3,4,3,3,1.27326,-1.7368542675113936,0
45-54,male,no_qual,labour,25000plus,3,0,1,0,5,2,3,4,4,5,2,5,1.32271,-1.313071516124142,0
15-24,male,gcse,labour,17500_24999,2,1,1,0,4,3,4,5,5,2,4,3,0.51353,0.1349925272543115,0
55-64,female,other,cons,17500_24999,4,1,1,0,2,4,4,3,4,2,2,4,0.72837,0.1349925272543115,0
35-44,male,no_qual,other,9500_17499,4,1,1,0,1,2,4,2,4,4,4,4,1.05475,0.1349925272543115,0
25-34,male,gcse,no_party,9500_17499,2,0,0,0,2,1,4,3,3,5,3,3,1.45416,-1.7368542675113936,0
45-54,male,student,cons,25000plus,3,1,1,0,2,4,2,4,4,4,4,5,0.49346,0.1349925272543115,0
25-34,male,degree,other,25000plus,4,1,1,0,2,4,5,5,5,4,4,5,1.07951,0.1349925272543115,0
65plus,male,gcse,cons,25000plus,2,1,1,0,3,1,2,2,4,4,5,3,0.56801,0.1349925272543115,0
45-54,male,gcse,cons,25000plus,2,1,1,0,2,2,2,5,4,2,2,2,0.92416,0.1349925272543115,0
55-64,male,gcse,cons,25000plus,1,1,0,0,2,3,3,3,3,3,3,3,0.86234,-0.6248319183436151,0
35-44,male,other,other,25000plus,3,1,1,1,1,3,1,3,4,2,3,3,1.23537,0.6612552775959889,1
55-64,female,alevel,no_party,25000plus,4,1,1,0,3,3,3,1,4,4,3,1,0.74184,0.1349925272543115,0
15-24,female,student,no_party,up_to_9499,1,1,1,0,1,1,3,3,3,3,3,3,1.00753,0.1349925272543115,0
55-64,female,gcse,cons,17500_24999,2,1,1,0,3,1,1,4,5,3,4,2,1.20312,0.1349925272543115,0
35-44,female,degree,cons,25000plus,3,1,1,0,2,2,4,4,3,3,5,4,1.61174,0.1349925272543115,0
65plus,female,gcse,other,9500_17499,3,1,1,1,3,2,4,4,5,4,5,4,1.01607,0.6612552775959889,1
25-34,female,degree,labour,25000plus,3,1,1,1,4,4,5,5,5,5,3,5,1.4574,0.6612552775959889,1
45-54,female,alevel,cons,25000plus,2,0,1,0,4,1,2,4,4,4,2,1,1.04074,-1.313071516124142,0
25-34,female,degree,labour,25000plus,4,1,1,1,3,3,5,4,5,4,3,4,0.80714,0.6612552775959889,1
45-54,male,gcse,labour,25000plus,3,1,1,0,2,3,3,4,4,4,4,4,0.70802,0.1349925272543115,0
25-34,male,degree,labour,17500_24999,2,1,1,1,4,1,3,5,5,4,3,5,1.23054,0.6612552775959889,1
55-64,female,other,cons,25000plus,4,1,1,0,2,2,4,5,5,3,3,4,1.41749,0.1349925272543115,0
65plus,female,gcse,cons,25000plus,2,0,0,0,2,2,3,3,3,3,3,1,1.19711,-1.7368542675113936,0
65plus,male,gcse,labour,9500_17499,1,1,1,1,2,1,4,4,4,4,3,2,0.93854,0.6612552775959889,1
65plus,male,degree,other,9500_17499,5,1,1,1,2,2,5,5,4,5,3,5,1.09537,0.6612552775959889,1
35-44,male,degree,labour,25000plus,2,1,1,0,3,1,1,4,4,4,3,2,1.04693,0.1349925272543115,0
65plus,female,no_qual,cons,9500_17499,3,1,1,0,1,1,1,1,1,1,5,5,0.70344,0.1349925272543115,0
65plus,male,gcse,cons,25000plus,3,1,1,0,4,4,2,3,4,3,5,3,0.53567,0.1349925272543115,0
55-64,female,alevel,no_party,17500_24999,3,1,0,0,3,1,5,4,4,4,5,1,0.9359,-0.6248319183436151,0
65plus,female,gcse,no_party,up_to_9499,2,1,1,0,2,1,4,4,4,2,3,2,1.12551,0.1349925272543115,0
55-64,female,gcse,lib_dem,25000plus,1,1,0,0,2,1,1,4,2,1,2,1,0.93736,-0.6248319183436151,0
25-34,female,gcse,no_party,25000plus,3,1,1,0,1,1,2,2,4,2,2,2,1.50604,0.1349925272543115,0
55-64,female,gcse,labour,25000plus,4,1,1,1,4,2,3,4,4,4,5,5,1.26683,0.6612552775959889,1
25-34,female,degree,labour,25000plus,5,1,1,0,2,1,4,3,4,4,3,5,1.57611,0.1349925272543115,0
15-24,female,alevel,no_party,9500_17499,5,1,1,0,2,2,3,4,2,3,2,4,1.36859,0.1349925272543115,0
35-44,female,degree,cons,25000plus,5,1,1,0,2,2,5,5,5,5,3,5,1.6257,0.1349925272543115,0
65plus,male,degree,cons,25000plus,1,0,0,0,1,1,4,5,4,1,3,3,0.53836,-1.7368542675113936,0
65plus,female,gcse,no_party,9500_17499,3,1,1,0,3,3,5,1,3,3,5,1,0.77583,0.1349925272543115,0
65plus,male,gcse,labour,25000plus,1,1,1,1,3,3,3,3,4,3,4,3,0.35291,0.6612552775959889,1
65plus,female,no_qual,cons,9500_17499,2,0,0,0,1,1,4,1,2,2,4,1,1.01607,-1.7368542675113936,0
45-54,male,alevel,cons,up_to_9499,1,0,0,1,1,1,2,4,1,4,1,1,0.73142,-1.5211301619680593,0
35-44,male,alevel,labour,25000plus,3,1,1,1,2,4,1,5,5,2,1,3,1.38741,0.6612552775959889,1
55-64,male,no_qual,no_party,25000plus,1,1,1,0,5,1,2,5,2,5,5,5,1.07427,0.1349925272543115,0
35-44,male,alevel,other,25000plus,3,1,1,1,2,1,4,5,5,5,5,4,1.32754,0.6612552775959889,1
65plus,female,no_qual,other,9500_17499,1,1,1,1,3,1,1,1,1,1,4,1,1.21205,0.6612552775959889,1
65plus,female,no_qual,no_party,up_to_9499,3,1,1,0,2,3,3,4,5,4,4,2,2.20578,0.1349925272543115,0
45-54,male,degree,no_party,17500_24999,3,1,1,0,4,4,3,5,4,4,2,2,0.74263,0.1349925272543115,0
25-34,female,degree,other,up_to_9499,4,1,1,0,1,4,4,5,5,5,2,4,1.50418,0.1349925272543115,0
45-54,female,alevel,labour,up_to_9499,2,0,1,0,1,1,3,4,4,4,3,1,1.16124,-1.313071516124142,0
65plus,female,gcse,cons,25000plus,2,0,0,0,1,1,2,4,5,4,5,1,0.75339,-1.7368542675113936,0
65plus,male,no_qual,labour,9500_17499,3,1,1,0,3,1,2,1,4,2,4,3,0.59928,0.1349925272543115,0
45-54,female,gcse,labour,17500_24999,3,1,0,0,3,1,3,3,4,4,4,3,1.44067,-0.6248319183436151,0
35-44,male,gcse,other,25000plus,1,1,1,0,1,1,3,2,4,4,4,2,1.08012,0.1349925272543115,0
65plus,male,gcse,cons,up_to_9499,2,1,0,0,3,2,1,2,4,1,4,2,0.50607,-0.6248319183436151,0
55-64,female,gcse,lib_dem,9500_17499,1,1,1,1,1,1,1,1,1,1,4,1,0.89005,0.6612552775959889,1
15-24,female,alevel,cons,up_to_9499,3,1,1,0,2,2,4,4,4,4,5,3,1.00753,0.1349925272543115,0
15-24,female,gcse,other,25000plus,5,1,1,0,4,3,5,5,5,5,5,5,0.79737,0.1349925272543115,0
15-24,male,gcse,cons,up_to_9499,3,1,1,0,3,3,3,4,3,3,3,3,1.47904,0.1349925272543115,0
45-54,female,degree,lib_dem,25000plus,5,1,1,1,4,5,5,5,5,5,5,5,1.75488,0.6612552775959889,1
65plus,male,degree,cons,25000plus,1,0,0,0,1,1,1,1,5,1,4,1,0.77592,-1.7368542675113936,0
15-24,male,alevel,no_party,9500_17499,3,1,1,1,1,1,4,5,5,4,1,2,0.77593,0.6612552775959889,1
65plus,male,degree,lib_dem,25000plus,5,1,1,0,2,1,5,5,5,5,5,4,0.77592,0.1349925272543115,0
65plus,male,gcse,cons,9500_17499,2,1,1,0,2,1,4,4,3,2,4,1,0.49133,0.1349925272543115,0
45-54,male,alevel,lib_dem,25000plus,2,1,1,0,4,1,4,4,4,5,3,2,0.50814,0.1349925272543115,0
15-24,male,alevel,cons,17500_24999,3,1,1,1,2,1,4,4,3,4,3,1,0.72883,0.6612552775959889,1
15-24,male,alevel,labour,up_to_9499,5,1,1,1,2,3,5,5,5,5,4,5,0.72883,0.6612552775959889,1
65plus,male,degree,cons,9500_17499,3,1,1,0,3,3,4,4,4,3,4,3,0.80972,0.1349925272543115,0
65plus,male,degree,lib_dem,17500_24999,3,1,1,1,2,3,3,1,4,4,3,3,0.5308,0.6612552775959889,1
15-24,male,gcse,labour,25000plus,2,1,1,0,1,1,2,4,3,4,3,2,1.38186,0.1349925272543115,0
15-24,male,degree,labour,25000plus,2,1,1,0,2,2,2,4,4,4,4,2,1.48991,0.1349925272543115,0
55-64,female,alevel,no_party,25000plus,3,1,1,0,3,3,4,4,5,1,4,4,0.79943,0.1349925272543115,0
65plus,male,no_qual,no_party,up_to_9499,1,1,1,0,1,1,4,4,4,5,3,1,0.68513,0.1349925272543115,0
25-34,female,gcse,no_party,9500_17499,1,1,1,0,1,1,3,3,3,1,3,1,1.18626,0.1349925272543115,0
45-54,male,degree,no_party,25000plus,4,1,1,1,2,3,3,5,5,3,4,3,0.5311,0.6612552775959889,1
55-64,female,degree,lib_dem,25000plus,3,1,1,0,2,2,4,5,5,5,1,4,0.66523,0.1349925272543115,0
35-44,male,other,labour,9500_17499,3,1,1,0,2,1,3,5,5,2,4,4,0.71105,0.1349925272543115,0
45-54,female,gcse,lib_dem,9500_17499,1,1,1,1,2,1,1,5,1,4,3,3,0.86322,0.6612552775959889,1
65plus,female,gcse,lib_dem,17500_24999,1,0,0,0,3,1,1,2,3,3,2,2,0.98312,-1.7368542675113936,0
45-54,male,degree,labour,25000plus,3,1,1,0,3,2,2,5,4,4,2,3,0.71847,0.1349925272543115,0
15-24,female,degree,no_party,up_to_9499,5,1,1,0,3,3,4,5,5,4,2,5,1.03316,0.1349925272543115,0
65plus,male,gcse,cons,9500_17499,1,1,1,0,1,1,1,4,4,1,3,1,0.74394,0.1349925272543115,0
55-64,male,gcse,no_party,25000plus,3,1,1,0,2,2,4,5,4,3,1,4,0.55228,0.1349925272543115,0
25-34,female,gcse,labour,9500_17499,1,1,1,0,2,2,3,5,4,4,2,1,2.06561,0.1349925272543115,0
65plus,female,alevel,no_party,25000plus,5,1,1,1,2,3,3,1,5,4,3,5,0.91071,0.6612552775959889,1
65plus,female,degree,lib_dem,up_to_9499,3,1,1,0,3,4,3,5,5,4,4,5,0.91071,0.1349925272543115,0
65plus,female,alevel,no_party,up_to_9499,3,1,1,0,1,4,4,5,5,2,4,4,0.88261,0.1349925272543115,0
65plus,male,no_qual,labour,9500_17499,1,0,0,0,5,1,3,3,3,3,1,1,0.45222,-1.7368542675113936,0
55-64,male,other,labour,17500_24999,1,0,1,0,3,3,1,1,3,3,3,1,0.33885,-1.313071516124142,0
15-24,male,gcse,labour,25000plus,1,1,1,0,3,2,4,5,4,4,2,1,0.92154,0.1349925272543115,0
55-64,male,no_qual,no_party,9500_17499,1,0,1,0,3,3,3,3,3,3,3,4,0.51432,-1.313071516124142,0
15-24,male,degree,labour,25000plus,3,1,1,0,3,2,3,5,4,3,4,3,0.92154,0.1349925272543115,0
25-34,female,degree,labour,25000plus,4,1,1,0,2,4,3,5,5,4,3,4,1.57611,0.1349925272543115,0
55-64,female,other,other,9500_17499,3,1,1,0,4,1,2,5,5,5,3,4,0.76683,0.1349925272543115,0
55-64,female,degree,labour,up_to_9499,4,1,1,1,2,4,5,4,5,5,3,4,1.09752,0.6612552775959889,1
35-44,male,degree,labour,25000plus,4,1,1,1,2,3,5,5,4,5,3,5,1.08192,0.6612552775959889,1
55-64,female,degree,no_party,up_to_9499,5,1,1,0,2,1,2,5,4,2,2,3,0.82779,0.1349925272543115,0
55-64,male,gcse,labour,up_to_9499,3,1,1,0,1,1,4,4,5,1,4,4,0.68797,0.1349925272543115,0
65plus,female,no_qual,other,up_to_9499,3,1,1,0,3,3,2,3,4,2,4,3,1.16769,0.1349925272543115,0
25-34,female,degree,no_party,25000plus,2,1,1,0,3,1,2,4,4,3,3,4,1.41805,0.1349925272543115,0
35-44,female,alevel,cons,25000plus,5,1,1,1,4,5,5,5,5,3,5,4,1.23883,0.6612552775959889,1
65plus,female,no_qual,labour,25000plus,3,1,1,0,4,2,1,5,5,4,4,2,1.67806,0.1349925272543115,0
45-54,female,alevel,other,up_to_9499,3,1,1,0,1,5,4,4,3,1,3,3,0.86871,0.1349925272543115,0
55-64,female,alevel,no_party,25000plus,4,1,1,1,5,4,2,4,4,4,4,4,0.82779,0.6612552775959889,1
15-24,male,gcse,no_party,25000plus,3,1,1,0,3,3,3,3,3,5,3,3,0.74198,0.1349925272543115,0
65plus,male,degree,cons,up_to_9499,4,1,1,0,1,3,3,5,5,3,4,4,0.53836,0.1349925272543115,0
15-24,male,alevel,cons,25000plus,2,1,1,1,4,1,4,5,4,4,2,1,0.91879,0.6612552775959889,1
15-24,male,gcse,no_party,25000plus,1,1,1,1,2,2,2,5,5,4,3,2,0.91209,0.6612552775959889,1
45-54,female,gcse,cons,25000plus,3,1,1,1,2,3,4,4,4,4,4,5,1.61089,0.6612552775959889,1
35-44,female,degree,lib_dem,25000plus,4,1,1,0,3,3,4,4,4,4,4,5,1.2635,0.1349925272543115,0
65plus,female,no_qual,no_party,9500_17499,5,1,1,1,5,4,4,4,5,5,2,5,1.18535,0.6612552775959889,1
55-64,female,degree,cons,up_to_9499,5,1,1,1,3,4,3,4,5,4,2,4,0.91034,0.6612552775959889,1
65plus,male,no_qual,other,up_to_9499,1,0,0,0,1,1,3,3,3,3,3,1,0.64571,-1.7368542675113936,0
65plus,male,no_qual,lib_dem,up_to_9499,1,0,0,0,1,1,3,3,3,3,3,2,0.64571,-1.7368542675113936,0
25-34,female,gcse,no_party,17500_24999,1,1,1,0,2,1,2,3,5,3,3,3,1.0107,0.1349925272543115,0
25-34,female,alevel,no_party,25000plus,2,1,1,0,2,1,2,4,4,3,3,1,0.79988,0.1349925272543115,0
45-54,male,no_qual,other,up_to_9499,3,1,1,0,1,1,3,3,3,3,3,1,0.66781,0.1349925272543115,0
65plus,female,alevel,cons,9500_17499,1,1,0,0,1,1,3,2,4,4,2,1,0.77193,-0.6248319183436151,0
25-34,male,alevel,other,25000plus,2,1,0,0,1,2,2,3,2,2,2,2,1.82232,-0.6248319183436151,0
45-54,female,gcse,lib_dem,17500_24999,3,1,1,0,3,4,5,5,5,5,3,5,1.05439,0.1349925272543115,0
65plus,female,no_qual,lib_dem,17500_24999,3,1,1,0,4,4,1,4,5,4,5,5,0.98312,0.1349925272543115,0
35-44,male,other,no_party,25000plus,2,0,0,0,2,2,1,4,4,3,4,2,1.2135,-1.7368542675113936,0
15-24,female,gcse,no_party,9500_17499,3,1,1,1,3,4,3,4,4,3,5,3,1.24198,0.6612552775959889,1
15-24,male,alevel,no_party,up_to_9499,2,1,1,0,1,1,2,4,4,4,4,3,0.72199,0.1349925272543115,0
45-54,male,gcse,cons,25000plus,3,1,1,1,4,1,5,3,5,2,5,4,1.54089,0.6612552775959889,1
65plus,female,no_qual,other,up_to_9499,2,1,1,0,3,3,3,3,3,3,3,3,1.13124,0.1349925272543115,0
45-54,male,degree,cons,25000plus,3,1,1,0,4,2,2,4,2,2,3,2,1.01011,0.1349925272543115,0
15-24,male,alevel,no_party,up_to_9499,5,1,1,1,2,2,4,5,5,5,5,5,0.61624,0.6612552775959889,1
35-44,male,degree,cons,up_to_9499,1,1,1,1,2,1,3,4,5,1,3,3,0.95769,0.6612552775959889,1
45-54,male,gcse,cons,25000plus,3,1,1,0,3,2,2,3,4,2,3,3,0.70685,0.1349925272543115,0
45-54,female,gcse,other,25000plus,2,0,0,0,2,1,1,1,5,1,3,3,0.94422,-1.7368542675113936,0
55-64,female,gcse,other,9500_17499,4,1,1,0,4,4,4,4,5,4,5,5,0.7282,0.1349925272543115,0
55-64,male,degree,cons,25000plus,3,1,1,1,2,3,4,2,4,4,4,4,0.83634,0.6612552775959889,1
55-64,male,degree,cons,25000plus,3,1,1,0,1,3,4,3,4,4,2,3,0.95802,0.1349925272543115,0
65plus,male,alevel,no_party,25000plus,2,1,1,0,3,1,1,4,4,1,2,3,0.99706,0.1349925272543115,0
35-44,male,no_qual,labour,9500_17499,1,0,0,0,2,1,3,2,3,3,3,1,1.04489,-1.7368542675113936,0
25-34,female,gcse,no_party,25000plus,1,0,0,0,3,1,5,1,1,4,2,2,1.29892,-1.7368542675113936,0
15-24,male,gcse,no_party,17500_24999,1,1,0,0,1,1,3,3,3,3,3,1,1.0003,-0.6248319183436151,0
45-54,female,gcse,labour,17500_24999,1,0,1,0,2,1,4,4,4,3,2,3,1.54877,-1.313071516124142,0
25-34,female,no_qual,labour,9500_17499,1,0,0,0,1,1,3,3,2,4,3,2,1.71129,-1.7368542675113936,0
65plus,male,no_qual,other,up_to_9499,1,1,1,0,1,1,4,4,4,4,4,3,0.79069,0.1349925272543115,0
45-54,female,degree,lib_dem,25000plus,2,1,1,0,4,1,2,4,4,5,3,2,0.8731,0.1349925272543115,0
25-34,male,degree,no_party,25000plus,5,1,1,1,2,2,4,5,5,4,4,4,1.50009,0.6612552775959889,1
25-34,male,degree,no_party,25000plus,2,1,1,0,2,1,3,4,5,4,2,2,0.98337,0.1349925272543115,0
55-64,male,other,cons,25000plus,1,1,1,0,3,1,2,1,4,4,2,3,0.70282,0.1349925272543115,0
65plus,female,other,cons,up_to_9499,1,1,1,0,3,1,5,5,5,5,5,2,0.98312,0.1349925272543115,0
45-54,male,alevel,cons,9500_17499,3,1,1,0,2,3,4,5,4,1,4,4,0.41885,0.1349925272543115,0
65plus,male,gcse,no_party,9500_17499,5,1,1,1,3,4,4,4,5,4,5,5,0.52811,0.6612552775959889,1
55-64,male,gcse,labour,up_to_9499,3,1,1,0,4,3,5,5,5,1,5,3,1.1048,0.1349925272543115,0
65plus,female,degree,other,up_to_9499,5,1,1,1,1,5,4,5,4,4,4,5,1.19711,0.6612552775959889,1
65plus,female,degree,no_party,25000plus,3,1,1,0,1,4,4,5,5,4,4,5,1.19711,0.1349925272543115,0
65plus,male,no_qual,labour,17500_24999,2,1,0,0,4,4,3,3,3,3,3,3,0.73012,-0.6248319183436151,0
65plus,male,no_qual,no_party,up_to_9499,3,1,1,0,4,1,1,3,5,5,5,4,0.52359,0.1349925272543115,0
55-64,male,degree,labour,up_to_9499,3,1,1,1,3,3,2,4,4,4,2,3,0.93551,0.6612552775959889,1
65plus,female,other,lib_dem,25000plus,3,1,1,0,4,3,5,3,4,5,3,5,0.65645,0.1349925272543115,0
35-44,female,degree,labour,25000plus,3,1,1,0,4,4,3,4,4,4,3,4,1.6257,0.1349925272543115,0
45-54,female,degree,no_party,25000plus,3,1,1,1,1,4,3,5,5,5,2,4,1.47126,0.6612552775959889,1
25-34,male,degree,other,25000plus,2,1,1,0,1,1,5,5,5,4,4,5,1.77617,0.1349925272543115,0
35-44,female,alevel,no_party,9500_17499,5,0,1,1,3,2,1,5,4,4,4,5,0.92177,-1.1369932893546735,0
35-44,male,gcse,no_party,25000plus,3,1,0,0,2,2,2,5,5,3,5,4,1.05804,-0.6248319183436151,0
45-54,female,alevel,no_party,17500_24999,1,1,1,0,2,1,2,3,4,3,3,2,1.79348,0.1349925272543115,0
65plus,female,gcse,lib_dem,25000plus,3,1,1,0,4,1,4,5,4,4,4,3,1.35092,0.1349925272543115,0
65plus,male,no_qual,no_party,9500_17499,4,1,1,1,1,4,3,5,5,4,3,5,0.50371,0.6612552775959889,1
45-54,male,degree,labour,25000plus,3,1,1,1,1,1,5,3,5,5,4,4,0.7947,0.6612552775959889,1
15-24,male,alevel,no_party,9500_17499,1,1,1,0,5,2,1,5,5,5,5,5,0.81063,0.1349925272543115,0
15-24,male,degree,labour,17500_24999,2,1,1,0,2,2,4,3,4,5,4,3,0.7472,0.1349925272543115,0
55-64,male,alevel,other,25000plus,3,1,1,1,4,2,4,5,5,5,5,5,1.20677,0.6612552775959889,1
65plus,female,no_qual,no_party,up_to_9499,3,1,1,1,1,1,1,5,5,4,4,4,1.01607,0.6612552775959889,1
45-54,male,gcse,no_party,25000plus,3,1,0,1,2,3,3,3,3,3,2,3,0.78811,-0.3218308132340501,0
45-54,female,gcse,no_party,up_to_9499,3,1,1,1,2,3,4,5,5,5,2,5,2.20966,0.6612552775959889,1
35-44,male,degree,lib_dem,25000plus,3,1,1,0,3,2,4,4,5,3,3,2,1.72232,0.1349925272543115,0
65plus,male,alevel,lib_dem,25000plus,2,1,0,0,4,1,1,2,2,1,4,1,0.74394,-0.6248319183436151,0
55-64,female,gcse,other,9500_17499,3,0,1,0,3,4,2,3,4,4,3,4,0.87835,-1.313071516124142,0
15-24,female,alevel,labour,17500_24999,3,1,1,1,2,3,4,5,4,4,1,5,1.25028,0.6612552775959889,1
25-34,female,degree,no_party,9500_17499,3,1,1,0,3,2,2,4,4,4,3,4,1.95073,0.1349925272543115,0
35-44,male,degree,labour,9500_17499,3,1,1,0,4,3,3,3,3,4,4,4,1.03372,0.1349925272543115,0
15-24,female,gcse,no_party,25000plus,3,1,1,1,2,1,3,5,4,1,3,3,0.9441,0.6612552775959889,1
25-34,male,degree,no_party,25000plus,2,1,1,1,1,1,2,4,4,4,3,1,1.54573,0.6612552775959889,1
15-24,male,gcse,other,up_to_9499,1,0,1,0,1,1,4,2,3,4,3,1,0.98618,-1.313071516124142,0
35-44,female,alevel,labour,25000plus,3,1,1,0,3,4,3,2,5,5,3,1,1.49034,0.1349925272543115,0
15-24,male,alevel,labour,25000plus,5,1,1,1,2,2,4,5,5,5,3,5,1.0869,0.6612552775959889,1
55-64,male,alevel,no_party,25000plus,4,1,1,0,3,4,3,3,3,3,3,2,0.62606,0.1349925272543115,0
65plus,male,gcse,labour,9500_17499,2,1,1,0,1,1,4,4,4,4,2,1,0.73271,0.1349925272543115,0
45-54,male,degree,other,25000plus,1,1,0,0,3,1,2,4,4,4,3,1,1.15128,-0.6248319183436151,0
35-44,female,gcse,cons,9500_17499,2,0,1,0,5,1,2,4,4,4,4,2,1.28039,-1.313071516124142,0
15-24,female,degree,cons,25000plus,3,1,1,0,3,2,4,4,5,5,3,2,1.16498,0.1349925272543115,0
45-54,male,gcse,labour,17500_24999,1,0,0,0,4,1,1,4,3,2,4,1,1.02596,-1.7368542675113936,0
35-44,female,degree,cons,25000plus,5,1,1,0,3,3,5,5,5,4,3,3,0.96475,0.1349925272543115,0
35-44,female,degree,cons,25000plus,5,1,1,0,3,3,4,4,4,2,5,3,0.96475,0.1349925272543115,0
45-54,male,gcse,cons,25000plus,2,1,1,1,3,1,4,4,4,4,4,5,0.73242,0.6612552775959889,1
35-44,male,degree,labour,9500_17499,4,1,1,1,2,4,3,5,5,5,3,2,0.79202,0.6612552775959889,1
65plus,female,no_qual,labour,9500_17499,2,1,1,0,5,5,2,5,4,5,4,4,0.92624,0.1349925272543115,0
25-34,male,no_qual,other,9500_17499,2,1,0,1,3,2,4,2,4,3,2,2,0.89625,-0.3218308132340501,0
55-64,male,degree,lib_dem,25000plus,3,1,1,0,3,1,4,5,4,5,4,4,0.84249,0.1349925272543115,0
45-54,male,gcse,no_party,9500_17499,2,1,1,0,2,2,1,5,5,1,4,4,1.1016,0.1349925272543115,0
55-64,male,gcse,labour,17500_24999,3,1,1,0,4,3,1,5,5,1,4,5,0.71794,0.1349925272543115,0
15-24,male,gcse,no_party,17500_24999,1,1,0,0,4,1,2,4,5,1,2,1,1.26966,-0.6248319183436151,0
45-54,male,alevel,labour,17500_24999,4,1,0,0,3,3,3,3,3,3,3,4,1.08307,-0.6248319183436151,0
15-24,male,degree,cons,25000plus,3,1,1,1,4,3,3,4,4,4,5,3,1.19486,0.6612552775959889,1
45-54,male,degree,labour,25000plus,5,1,1,1,2,4,5,5,5,3,3,5,1.54089,0.6612552775959889,1
65plus,female,no_qual,no_party,9500_17499,3,1,1,0,4,1,3,2,5,1,4,1,0.92259,0.1349925272543115,0
15-24,female,gcse,lib_dem,25000plus,3,1,1,1,2,4,5,5,3,4,4,4,0.93073,0.6612552775959889,1
45-54,male,gcse,labour,9500_17499,1,0,0,0,3,1,2,1,2,4,4,1,1.30093,-1.7368542675113936,0
65plus,male,gcse,no_party,17500_24999,1,1,1,0,4,1,1,4,4,2,5,4,0.57228,0.1349925272543115,0
35-44,male,degree,labour,25000plus,3,1,1,1,1,2,2,4,4,4,2,3,1.32078,0.6612552775959889,1
65plus,female,no_qual,labour,up_to_9499,1,0,1,1,5,1,1,3,4,4,4,1,0.65386,-1.1369932893546735,0
65plus,male,other,cons,25000plus,2,1,0,1,1,1,2,3,2,2,3,3,0.65227,-0.3218308132340501,0
45-54,male,gcse,labour,25000plus,2,1,0,0,3,1,4,4,4,4,3,3,1.39734,-0.6248319183436151,0
15-24,male,student,no_party,25000plus,2,1,1,0,1,2,5,4,3,5,3,2,0.84943,0.1349925272543115,0
45-54,female,gcse,lib_dem,17500_24999,2,1,1,1,3,1,3,3,4,3,3,2,1.48962,0.6612552775959889,1
25-34,female,degree,no_party,25000plus,4,1,1,1,4,4,5,5,5,5,4,4,1.16321,0.6612552775959889,1
55-64,male,gcse,cons,17500_24999,2,1,1,1,3,2,1,5,5,4,2,1,0.69296,0.6612552775959889,1
65plus,male,no_qual,cons,up_to_9499,3,1,1,0,2,1,1,1,3,1,4,2,0.5308,0.1349925272543115,0
65plus,male,degree,other,up_to_9499,1,1,1,0,2,2,2,4,4,2,4,3,0.71289,0.1349925272543115,0
55-64,female,degree,no_party,9500_17499,3,1,1,0,1,3,4,5,5,4,4,4,1.00618,0.1349925272543115,0
25-34,male,alevel,no_party,9500_17499,3,1,1,0,3,3,4,4,5,2,5,3,1.25789,0.1349925272543115,0
65plus,female,degree,labour,25000plus,3,1,1,0,2,2,5,4,4,5,2,1,1.19711,0.1349925272543115,0
65plus,female,no_qual,cons,17500_24999,1,0,0,0,3,3,3,3,3,1,3,1,0.95882,-1.7368542675113936,0
65plus,female,no_qual,labour,up_to_9499,1,1,0,0,3,3,3,3,3,3,3,3,0.86301,-0.6248319183436151,0
55-64,male,other,no_party,25000plus,1,1,0,0,1,1,3,3,3,3,3,1,0.64246,-0.6248319183436151,0
65plus,female,no_qual,labour,up_to_9499,2,1,1,0,1,2,1,4,5,2,4,4,1.16769,0.1349925272543115,0
65plus,male,alevel,no_party,9500_17499,3,1,1,0,1,1,1,4,4,1,5,1,0.79069,0.1349925272543115,0
65plus,female,gcse,other,25000plus,4,1,1,0,2,2,4,2,5,4,4,1,0.94139,0.1349925272543115,0
45-54,male,degree,cons,25000plus,3,1,1,0,3,2,4,5,5,4,4,2,1.36953,0.1349925272543115,0
45-54,female,other,labour,up_to_9499,2,0,1,0,3,2,1,4,4,4,4,3,1.40526,-1.313071516124142,0
35-44,female,other,labour,9500_17499,1,0,0,0,2,2,1,4,4,4,4,2,0.87368,-1.7368542675113936,0
55-64,male,no_qual,labour,9500_17499,2,1,0,1,2,1,1,5,5,5,2,5,0.53253,-0.3218308132340501,0
25-34,male,gcse,no_party,25000plus,2,0,1,0,3,1,1,1,5,4,3,2,1.03753,-1.313071516124142,0
15-24,female,gcse,lib_dem,25000plus,3,1,1,0,2,5,2,4,4,4,4,4,0.75199,0.1349925272543115,0
55-64,male,degree,labour,25000plus,3,1,1,0,2,3,5,3,5,4,5,3,1.01492,0.1349925272543115,0
55-64,female,degree,no_party,25000plus,3,1,1,1,2,1,3,5,5,5,4,5,1.09883,0.6612552775959889,1
55-64,male,degree,cons,25000plus,3,1,1,0,4,2,2,4,5,4,2,3,0.97093,0.1349925272543115,0
35-44,male,degree,cons,25000plus,3,1,1,1,3,1,2,4,4,2,3,1,1.69631,0.6612552775959889,1
35-44,female,degree,lib_dem,25000plus,4,1,1,0,2,4,3,4,4,4,3,4,2.01937,0.1349925272543115,0
55-64,male,degree,other,25000plus,3,1,1,0,2,2,2,4,5,1,4,4,1.04112,0.1349925272543115,0
65plus,male,alevel,lib_dem,9500_17499,5,1,1,0,3,4,4,5,5,4,4,5,1.08688,0.1349925272543115,0
55-64,female,gcse,cons,up_to_9499,3,1,1,0,3,4,4,4,5,4,5,5,0.95366,0.1349925272543115,0
35-44,female,student,labour,17500_24999,4,1,0,0,4,2,1,4,5,4,2,2,0.98546,-0.6248319183436151,0
65plus,male,alevel,other,up_to_9499,3,1,1,0,3,3,1,5,5,3,4,3,0.73271,0.1349925272543115,0
35-44,female,gcse,other,25000plus,3,1,1,0,5,3,2,5,4,4,3,4,1.28039,0.1349925272543115,0
45-54,female,degree,labour,25000plus,5,1,1,1,1,4,4,5,5,5,4,5,1.03122,0.6612552775959889,1
65plus,male,degree,labour,up_to_9499,4,1,1,1,2,1,4,5,5,4,5,4,0.86863,0.6612552775959889,1
45-54,male,degree,cons,25000plus,4,1,1,1,2,5,4,5,5,5,5,4,1.54089,0.6612552775959889,1
55-64,male,alevel,cons,9500_17499,2,1,1,0,3,2,5,5,5,5,5,2,0.84249,0.1349925272543115,0
65plus,male,other,no_party,9500_17499,1,0,0,0,1,1,1,1,2,1,1,1,0.57228,-1.7368542675113936,0
65plus,male,no_qual,other,25000plus,3,1,1,0,3,3,1,4,4,1,3,1,0.73012,0.1349925272543115,0
15-24,male,alevel,labour,17500_24999,3,1,1,0,3,4,3,5,3,4,3,3,0.59923,0.1349925272543115,0
15-24,female,gcse,no_party,up_to_9499,1,0,0,0,1,1,3,3,3,3,2,1,1.34446,-1.7368542675113936,0
45-54,female,alevel,no_party,25000plus,2,0,1,1,5,3,3,4,2,4,2,4,2.2828,-1.1369932893546735,0
55-64,male,no_qual,labour,25000plus,4,1,0,0,3,3,3,3,4,5,3,3,0.83205,-0.6248319183436151,0
15-24,female,gcse,labour,up_to_9499,3,0,1,0,2,4,1,1,3,5,2,3,0.99104,-1.313071516124142,0
25-34,female,no_qual,labour,up_to_9499,3,0,0,0,1,5,4,4,4,4,2,4,1.20176,-1.7368542675113936,0
15-24,male,other,labour,25000plus,1,0,0,0,1,4,4,4,4,2,3,2,1.08521,-1.7368542675113936,0
25-34,male,no_qual,labour,25000plus,2,0,1,0,5,3,2,5,4,3,5,2,1.49547,-1.313071516124142,0
25-34,female,no_qual,labour,up_to_9499,2,0,0,0,4,3,4,3,2,3,4,3,1.40197,-1.7368542675113936,0
25-34,male,degree,labour,up_to_9499,3,1,1,0,3,1,4,5,4,3,3,5,0.94926,0.1349925272543115,0
55-64,male,degree,lib_dem,9500_17499,2,1,1,1,3,1,4,3,4,4,3,3,1.05708,0.6612552775959889,1
35-44,female,degree,lib_dem,25000plus,5,1,1,1,1,5,5,4,3,4,4,4,1.31765,0.6612552775959889,1
15-24,male,degree,labour,25000plus,3,0,1,0,2,2,1,4,3,4,5,4,0.71428,-1.313071516124142,0
15-24,male,degree,labour,25000plus,4,1,1,0,2,3,1,1,1,1,4,3,0.61005,0.1349925272543115,0
35-44,female,no_qual,no_party,17500_24999,5,1,1,0,2,4,1,2,2,2,1,4,1.11972,0.1349925272543115,0
55-64,female,no_qual,labour,up_to_9499,3,0,1,0,4,4,3,4,4,4,3,4,1.02188,-1.313071516124142,0
15-24,male,student,no_party,9500_17499,2,1,1,0,2,1,3,5,4,4,3,3,0.67919,0.1349925272543115,0
25-34,male,no_qual,no_party,up_to_9499,3,1,1,0,2,2,3,4,4,2,3,3,1.26649,0.1349925272543115,0
65plus,female,gcse,no_party,9500_17499,1,1,1,0,3,2,4,2,3,4,3,3,0.70344,0.1349925272543115,0
55-64,male,no_qual,labour,up_to_9499,1,0,0,0,4,4,4,4,3,5,5,3,0.59172,-1.7368542675113936,0
65plus,male,other,labour,9500_17499,3,0,0,0,3,3,1,3,4,3,2,2,0.51923,-1.7368542675113936,0
25-34,male,degree,labour,25000plus,2,1,1,0,2,1,4,5,5,5,3,4,0.75881,0.1349925272543115,0
35-44,male,degree,no_party,25000plus,5,1,1,1,1,4,1,4,5,4,1,5,1.01031,0.6612552775959889,1
65plus,male,degree,lib_dem,17500_24999,3,1,1,0,3,2,3,4,4,3,3,4,0.67433,0.1349925272543115,0
15-24,female,gcse,no_party,25000plus,2,0,0,0,3,2,1,3,4,5,4,1,1.07087,-1.7368542675113936,0
15-24,female,gcse,cons,25000plus,3,1,1,0,4,2,2,3,5,5,3,4,0.91794,0.1349925272543115,0
15-24,male,gcse,labour,9500_17499,1,0,0,0,2,1,1,3,3,1,5,1,0.73332,-1.7368542675113936,0
45-54,male,gcse,cons,25000plus,3,1,1,1,3,3,1,5,4,1,5,5,1.11649,0.6612552775959889,1
35-44,male,other,no_party,25000plus,3,1,1,0,4,4,5,2,4,4,3,3,0.88279,0.1349925272543115,0
65plus,male,no_qual,labour,9500_17499,2,1,1,0,1,1,2,4,4,4,3,1,0.73383,0.1349925272543115,0
65plus,male,no_qual,cons,9500_17499,2,1,1,0,4,4,1,2,5,2,4,3,0.5308,0.1349925272543115,0
35-44,male,degree,cons,25000plus,1,1,0,1,1,1,1,3,4,1,2,1,2.02512,-0.3218308132340501,0
45-54,male,degree,no_party,17500_24999,4,1,1,0,3,5,4,3,4,2,3,4,1.54395,0.1349925272543115,0
65plus,female,degree,no_party,25000plus,3,1,1,0,1,2,2,5,5,4,4,3,1.03896,0.1349925272543115,0
15-24,male,gcse,labour,25000plus,1,1,1,1,3,2,4,5,4,3,4,2,1.07956,0.6612552775959889,1
55-64,male,alevel,cons,17500_24999,3,1,1,0,2,2,2,4,4,2,3,3,1.1397,0.1349925272543115,0
25-34,male,no_qual,no_party,17500_24999,3,1,1,0,3,2,3,5,5,4,3,2,1.51816,0.1349925272543115,0
65plus,male,other,lib_dem,25000plus,2,1,0,0,3,1,2,4,1,1,5,1,0.92437,-0.6248319183436151,0
45-54,female,degree,other,25000plus,3,1,1,1,1,3,5,5,5,5,5,5,1.85611,0.6612552775959889,1
55-64,male,degree,no_party,up_to_9499,4,1,1,0,1,1,3,3,4,3,4,1,0.47492,0.1349925272543115,0
25-34,male,gcse,other,25000plus,1,0,1,0,1,1,3,3,3,3,3,1,0.68683,-1.313071516124142,0
55-64,male,degree,no_party,17500_24999,3,1,1,0,2,4,4,4,5,4,3,5,1.1397,0.1349925272543115,0
15-24,female,degree,lib_dem,9500_17499,5,1,1,1,3,2,5,5,5,5,5,3,1.95878,0.6612552775959889,1
15-24,male,alevel,labour,25000plus,3,1,1,1,1,1,4,4,3,3,3,3,1.0869,0.6612552775959889,1
35-44,female,alevel,labour,25000plus,5,1,1,0,2,1,3,3,3,3,3,2,1.73654,0.1349925272543115,0
65plus,male,no_qual,cons,9500_17499,2,1,1,0,1,1,2,3,4,1,3,1,1.08688,0.1349925272543115,0
55-64,female,gcse,cons,up_to_9499,2,1,1,0,4,1,4,4,4,5,3,4,0.98402,0.1349925272543115,0
55-64,male,alevel,cons,25000plus,3,1,1,0,3,2,4,4,4,4,3,4,0.76962,0.1349925272543115,0
25-34,female,gcse,no_party,25000plus,3,1,1,1,3,3,2,4,4,4,4,3,0.93533,0.6612552775959889,1
35-44,female,degree,no_party,25000plus,3,1,1,1,3,3,2,4,4,4,5,3,0.8373,0.6612552775959889,1
65plus,female,no_qual,labour,17500_24999,1,1,1,0,3,3,1,4,5,3,5,2,0.70344,0.1349925272543115,0
65plus,male,alevel,no_party,9500_17499,1,0,0,1,5,1,1,5,4,4,2,1,0.53836,-1.5211301619680593,0
65plus,female,no_qual,cons,up_to_9499,2,1,1,1,2,1,1,4,4,4,4,2,0.86301,0.6612552775959889,1
55-64,female,alevel,no_party,9500_17499,2,1,1,0,1,2,2,4,4,3,5,4,0.84129,0.1349925272543115,0
25-34,female,alevel,cons,25000plus,3,1,1,1,2,3,4,4,4,3,4,3,2.18341,0.6612552775959889,1
15-24,male,gcse,no_party,9500_17499,3,1,1,1,3,2,3,4,4,4,4,4,0.7907,0.6612552775959889,1
35-44,female,gcse,no_party,9500_17499,2,1,1,0,2,2,3,3,4,3,5,3,2.14342,0.1349925272543115,0
65plus,female,gcse,labour,17500_24999,4,1,1,0,1,4,4,4,4,1,5,5,1.1533,0.1349925272543115,0
25-34,female,degree,labour,9500_17499,3,1,1,1,2,2,5,5,5,5,3,4,1.66292,0.6612552775959889,1
65plus,male,gcse,labour,up_to_9499,2,1,1,1,3,3,3,5,5,3,5,3,0.73012,0.6612552775959889,1
45-54,male,degree,cons,25000plus,2,1,1,0,2,1,2,4,4,4,3,4,0.62291,0.1349925272543115,0
35-44,male,gcse,labour,25000plus,3,1,1,0,4,5,5,5,5,2,5,5,1.84313,0.1349925272543115,0
15-24,female,gcse,labour,25000plus,2,1,1,0,3,4,2,5,4,4,3,3,1.41843,0.1349925272543115,0
25-34,male,gcse,no_party,25000plus,2,1,1,0,2,1,4,5,4,5,4,2,1.24079,0.1349925272543115,0
55-64,female,gcse,cons,25000plus,1,1,1,0,1,1,1,3,3,3,2,3,1.20312,0.1349925272543115,0
55-64,female,alevel,cons,25000plus,3,1,1,0,3,3,3,5,5,4,4,3,0.85402,0.1349925272543115,0
15-24,male,degree,cons,25000plus,1,1,1,1,1,1,1,5,4,5,3,2,1.36104,0.6612552775959889,1
55-64,male,gcse,labour,25000plus,5,1,1,0,2,4,1,3,5,3,2,5,1.05755,0.1349925272543115,0
15-24,female,alevel,no_party,25000plus,2,1,1,0,1,1,2,5,4,2,3,3,1.38689,0.1349925272543115,0
65plus,male,alevel,other,17500_24999,1,1,1,0,1,1,5,5,4,2,2,1,0.80208,0.1349925272543115,0
65plus,male,degree,labour,25000plus,3,1,1,0,1,2,4,4,4,5,4,2,0.65227,0.1349925272543115,0
45-54,male,gcse,other,25000plus,3,1,1,1,4,2,1,1,2,2,1,3,1.05776,0.6612552775959889,1
25-34,male,alevel,labour,9500_17499,2,1,0,0,1,3,3,3,2,2,2,3,0.75497,-0.6248319183436151,0
55-64,female,degree,cons,25000plus,4,1,1,1,5,4,4,4,4,4,5,4,0.94304,0.6612552775959889,1
15-24,male,gcse,labour,25000plus,3,1,1,0,2,2,4,5,4,5,2,4,0.40192,0.1349925272543115,0
35-44,male,degree,labour,25000plus,3,1,0,0,4,2,2,2,3,3,4,2,1.01031,-0.6248319183436151,0
15-24,female,gcse,labour,25000plus,2,1,1,1,4,3,5,5,5,5,4,4,1.26276,0.6612552775959889,1
35-44,male,degree,labour,25000plus,3,1,1,0,4,2,3,3,3,3,3,4,1.20429,0.1349925272543115,0
55-64,female,degree,labour,17500_24999,2,1,1,0,1,1,4,4,4,4,3,4,0.88183,0.1349925272543115,0
15-24,male,degree,labour,17500_24999,4,1,1,1,2,5,5,5,5,5,4,5,1.08032,0.6612552775959889,1
65plus,female,gcse,other,9500_17499,4,1,1,0,3,4,1,5,4,2,3,3,0.92207,0.1349925272543115,0
65plus,male,alevel,cons,17500_24999,5,1,1,1,3,4,4,2,4,4,4,5,0.79749,0.6612552775959889,1
35-44,male,alevel,labour,17500_24999,4,1,1,0,3,4,3,5,4,3,5,5,1.68394,0.1349925272543115,0
65plus,male,no_qual,cons,25000plus,4,1,0,0,3,2,2,4,4,4,4,1,0.79749,-0.6248319183436151,0
15-24,male,gcse,cons,25000plus,2,0,1,0,4,3,2,4,4,4,2,4,0.65954,-1.313071516124142,0
15-24,male,alevel,other,9500_17499,3,1,1,1,3,3,4,5,4,4,3,3,1.18299,0.6612552775959889,1
55-64,male,gcse,no_party,9500_17499,1,1,1,1,5,1,4,5,5,2,2,5,0.71794,0.6612552775959889,1
25-34,female,degree,no_party,25000plus,3,1,1,1,1,1,3,3,3,3,3,1,1.19729,0.6612552775959889,1
35-44,male,degree,cons,25000plus,3,1,1,1,1,1,4,2,4,3,3,3,0.6278,0.6612552775959889,1
65plus,male,no_qual,no_party,25000plus,4,1,1,0,4,4,5,5,5,5,3,5,0.73383,0.1349925272543115,0
25-34,male,degree,cons,9500_17499,3,1,1,0,3,4,2,4,4,4,3,3,1.24079,0.1349925272543115,0
65plus,female,alevel,labour,25000plus,2,1,1,0,5,1,4,4,5,4,5,4,1.17074,0.1349925272543115,0
65plus,female,no_qual,no_party,9500_17499,2,1,1,0,3,1,1,5,4,5,4,2,1.05642,0.1349925272543115,0
45-54,female,degree,labour,25000plus,1,1,1,1,5,1,1,3,3,5,3,1,1.22371,0.6612552775959889,1
65plus,male,no_qual,labour,17500_24999,2,1,0,0,3,2,2,3,5,2,4,4,0.66989,-0.6248319183436151,0
25-34,female,gcse,no_party,up_to_9499,1,0,0,0,4,3,2,3,2,3,2,3,1.53457,-1.7368542675113936,0
55-64,male,gcse,labour,up_to_9499,2,1,0,1,3,3,5,4,1,4,2,3,0.49182,-0.3218308132340501,0
15-24,male,alevel,labour,up_to_9499,3,1,1,1,3,4,5,5,5,3,4,4,0.37047,0.6612552775959889,1
25-34,male,gcse,labour,up_to_9499,3,1,1,1,2,4,4,5,4,5,4,4,0.56093,0.6612552775959889,1
45-54,female,degree,labour,25000plus,3,1,1,0,3,4,4,4,5,5,4,5,0.82495,0.1349925272543115,0
25-34,male,degree,labour,25000plus,4,1,1,1,2,2,4,5,5,5,4,5,1.03753,0.6612552775959889,1
65plus,male,no_qual,labour,9500_17499,1,1,1,0,1,1,1,4,4,4,2,2,0.56231,0.1349925272543115,0
35-44,male,other,other,25000plus,2,1,1,1,1,3,5,4,5,5,2,4,0.93126,0.6612552775959889,1
55-64,male,gcse,cons,25000plus,3,1,1,1,4,1,4,4,4,2,4,3,0.86234,0.6612552775959889,1
45-54,female,degree,labour,25000plus,3,1,1,0,3,4,3,4,5,3,3,4,1.26427,0.1349925272543115,0
35-44,female,degree,labour,9500_17499,3,1,1,0,2,4,1,4,3,2,4,4,1.51794,0.1349925272543115,0
25-34,female,gcse,labour,25000plus,3,0,1,0,4,3,4,3,3,4,4,2,1.40197,-1.313071516124142,0
35-44,male,degree,labour,25000plus,2,1,1,0,3,1,2,4,4,4,5,1,0.95772,0.1349925272543115,0
35-44,female,degree,labour,up_to_9499,3,0,1,0,1,2,2,2,4,3,2,3,1.40146,-1.313071516124142,0
65plus,male,no_qual,labour,9500_17499,1,0,0,0,2,1,3,3,3,4,4,1,0.73157,-1.7368542675113936,0
55-64,female,gcse,lib_dem,25000plus,3,1,1,0,2,2,2,2,5,3,4,3,1.07836,0.1349925272543115,0
45-54,male,gcse,no_party,25000plus,2,1,1,0,4,3,1,5,5,1,5,5,1.12218,0.1349925272543115,0
15-24,male,gcse,labour,25000plus,2,1,1,1,3,2,2,4,4,4,3,3,0.57342,0.6612552775959889,1
35-44,female,no_qual,cons,9500_17499,3,1,1,1,2,4,2,5,4,3,4,3,0.87473,0.6612552775959889,1
35-44,male,alevel,other,9500_17499,3,1,1,0,2,1,2,5,4,4,5,4,0.99905,0.1349925272543115,0
55-64,male,gcse,labour,25000plus,4,0,0,0,2,3,4,3,3,4,3,5,0.87422,-1.7368542675113936,0
35-44,female,degree,other,9500_17499,3,0,1,0,4,4,4,5,4,2,4,2,1.31097,-1.313071516124142,0
65plus,male,alevel,cons,25000plus,1,1,1,0,3,1,1,4,5,4,5,3,0.5308,0.1349925272543115,0
65plus,male,alevel,cons,25000plus,1,1,1,1,1,1,1,3,4,2,2,1,0.80972,0.6612552775959889,1
45-54,female,gcse,cons,25000plus,5,1,1,1,3,4,4,5,5,4,2,5,1.29902,0.6612552775959889,1
65plus,male,other,no_party,17500_24999,2,1,1,0,2,1,1,4,5,4,3,2,0.73271,0.1349925272543115,0
45-54,male,degree,cons,25000plus,3,1,0,0,4,2,4,5,5,2,5,3,1.40761,-0.6248319183436151,0
35-44,male,gcse,cons,25000plus,2,1,1,0,4,1,4,2,5,4,2,4,1.112,0.1349925272543115,0
15-24,female,gcse,no_party,up_to_9499,4,1,1,0,2,2,4,4,4,4,2,5,1.61244,0.1349925272543115,0
15-24,female,alevel,no_party,9500_17499,1,1,1,0,2,3,4,4,4,3,3,3,1.32904,0.1349925272543115,0
65plus,male,alevel,labour,9500_17499,3,1,1,1,2,1,1,5,5,1,1,5,0.90588,0.6612552775959889,1
65plus,female,other,other,9500_17499,4,1,1,1,3,2,1,2,4,4,2,5,1.21205,0.6612552775959889,1
45-54,male,alevel,labour,25000plus,5,1,1,0,2,5,4,5,5,5,1,5,1.42919,0.1349925272543115,0
35-44,male,degree,cons,25000plus,3,1,1,0,2,3,4,4,5,3,3,5,0.79202,0.1349925272543115,0
15-24,male,degree,other,9500_17499,1,1,1,0,3,1,2,4,3,4,3,2,0.70599,0.1349925272543115,0
35-44,female,degree,labour,25000plus,4,1,1,1,2,3,4,5,5,4,4,4,0.66032,0.6612552775959889,1
65plus,female,degree,labour,25000plus,5,1,1,1,2,4,5,5,5,5,5,5,0.8765,0.6612552775959889,1
65plus,male,no_qual,cons,9500_17499,1,1,0,1,1,1,2,2,4,2,4,1,0.49463,-0.3218308132340501,0
65plus,male,degree,other,9500_17499,1,1,0,0,2,2,1,2,5,4,3,4,0.53836,-0.6248319183436151,0
65plus,female,gcse,lib_dem,25000plus,3,1,1,0,2,1,2,5,5,4,5,4,0.75339,0.1349925272543115,0
55-64,male,no_qual,labour,up_to_9499,3,1,1,0,5,4,3,4,5,3,3,5,0.57834,0.1349925272543115,0
35-44,female,degree,no_party,25000plus,3,1,1,1,3,3,4,5,5,4,4,4,0.89863,0.6612552775959889,1
25-34,female,degree,labour,25000plus,3,1,1,1,2,4,4,5,5,4,2,3,1.37955,0.6612552775959889,1
25-34,male,degree,labour,25000plus,3,1,1,1,3,2,3,4,4,3,4,3,1.15754,0.6612552775959889,1
25-34,male,gcse,labour,25000plus,3,0,0,0,4,2,2,3,3,3,4,4,0.70766,-1.7368542675113936,0
55-64,female,other,labour,up_to_9499,3,1,1,0,2,2,3,4,4,4,3,4,0.81,0.1349925272543115,0
15-24,female,gcse,no_party,9500_17499,1,0,0,0,1,1,4,3,3,5,4,3,1.34339,-1.7368542675113936,0
65plus,male,gcse,cons,25000plus,3,1,1,0,2,4,4,5,5,2,5,4,0.80972,0.1349925272543115,0
55-64,male,gcse,labour,17500_24999,4,1,1,1,4,4,3,4,4,4,4,4,0.51225,0.6612552775959889,1
65plus,female,no_qual,no_party,9500_17499,1,1,1,0,2,1,1,5,3,1,5,1,1.487,0.1349925272543115,0
55-64,male,alevel,no_party,17500_24999,2,1,1,0,2,2,2,4,5,2,4,3,0.46073,0.1349925272543115,0
65plus,male,degree,no_party,17500_24999,2,1,1,0,3,2,1,1,4,4,2,1,0.53836,0.1349925272543115,0
55-64,female,gcse,no_party,up_to_9499,3,1,1,0,3,2,2,4,4,3,4,3,0.56594,0.1349925272543115,0
65plus,male,alevel,cons,25000plus,3,1,1,1,3,3,2,2,5,4,4,1,0.35291,0.6612552775959889,1
65plus,female,gcse,lib_dem,25000plus,3,1,1,1,4,3,4,5,5,4,2,4,0.91071,0.6612552775959889,1
55-64,female,degree,labour,17500_24999,5,1,1,1,1,5,5,5,5,5,1,5,0.76546,0.6612552775959889,1
35-44,male,gcse,other,up_to_9499,2,1,0,0,4,1,5,5,4,4,3,4,1.23639,-0.6248319183436151,0
65plus,male,no_qual,labour,9500_17499,3,1,1,0,4,3,1,4,5,2,5,3,0.6733,0.1349925272543115,0
65plus,female,other,cons,25000plus,1,1,1,0,4,1,2,1,5,4,5,4,1.45425,0.1349925272543115,0
65plus,female,other,no_party,17500_24999,1,0,0,0,5,1,3,3,4,3,3,3,1.73665,-1.7368542675113936,0
65plus,female,degree,labour,9500_17499,4,1,1,1,3,3,5,5,5,5,5,5,1.17074,0.6612552775959889,1
55-64,female,alevel,cons,up_to_9499,1,0,0,0,3,3,4,4,4,4,2,4,1.09883,-1.7368542675113936,0
55-64,female,gcse,other,25000plus,1,0,0,0,2,2,3,3,3,3,1,3,1.09883,-1.7368542675113936,0
25-34,female,degree,lib_dem,25000plus,1,1,1,0,1,1,1,5,5,1,4,1,2.02011,0.1349925272543115,0
65plus,male,degree,labour,25000plus,2,0,0,0,1,1,2,1,4,4,4,1,0.79749,-1.7368542675113936,0
25-34,male,alevel,no_party,up_to_9499,4,1,1,0,4,4,4,5,5,4,3,5,1.37399,0.1349925272543115,0
15-24,male,no_qual,labour,9500_17499,2,1,0,0,4,5,5,1,4,5,4,4,0.49061,-0.6248319183436151,0
15-24,male,alevel,labour,up_to_9499,4,1,1,0,4,4,2,5,4,4,4,4,1.07682,0.1349925272543115,0
65plus,male,no_qual,cons,17500_24999,1,1,0,0,1,1,2,4,4,4,4,2,0.80208,-0.6248319183436151,0
15-24,female,alevel,no_party,9500_17499,2,1,1,0,2,2,3,5,4,3,2,2,1.38689,0.1349925272543115,0
45-54,female,degree,other,25000plus,4,1,1,0,2,4,4,5,5,4,4,4,1.60609,0.1349925272543115,0
55-64,female,degree,no_party,25000plus,3,1,1,0,2,2,2,2,4,2,3,3,0.93589,0.1349925272543115,0
45-54,female,gcse,no_party,up_to_9499,3,1,0,0,3,3,3,4,5,4,5,3,1.60524,-0.6248319183436151,0
65plus,male,no_qual,labour,up_to_9499,1,0,0,0,3,1,2,2,2,3,2,1,0.78948,-1.7368542675113936,0
55-64,male,alevel,no_party,25000plus,2,1,1,0,1,3,4,4,5,4,2,5,0.76189,0.1349925272543115,0
15-24,female,gcse,no_party,25000plus,3,1,1,1,2,2,3,4,3,4,3,2,1.32904,0.6612552775959889,1
65plus,male,degree,cons,9500_17499,2,1,0,0,2,2,3,3,4,4,4,4,1.10269,-0.6248319183436151,0
25-34,female,degree,no_party,25000plus,5,1,1,0,5,4,3,5,4,4,4,4,1.47192,0.1349925272543115,0
35-44,female,degree,labour,25000plus,5,1,1,1,5,5,5,5,5,5,5,5,0.91155,0.6612552775959889,1
15-24,male,gcse,labour,up_to_9499,3,1,1,0,5,5,5,5,5,5,5,5,0.76953,0.1349925272543115,0
55-64,male,no_qual,cons,9500_17499,2,1,0,0,5,4,4,4,4,4,3,4,0.6823,-0.6248319183436151,0
25-34,male,gcse,labour,9500_17499,2,0,0,1,2,2,3,2,1,1,4,2,0.70046,-1.5211301619680593,0
25-34,male,gcse,other,9500_17499,3,1,1,1,3,2,2,3,1,2,3,2,0.70046,0.6612552775959889,1
35-44,male,gcse,other,17500_24999,3,1,0,1,3,3,3,4,4,3,3,2,0.62872,-0.3218308132340501,0
25-34,male,gcse,other,up_to_9499,3,1,1,1,2,2,2,4,4,3,3,2,0.98173,0.6612552775959889,1
35-44,male,alevel,no_party,25000plus,3,1,1,1,1,3,3,3,4,3,2,2,0.95909,0.6612552775959889,1
65plus,female,gcse,labour,9500_17499,3,1,1,1,3,3,3,4,4,3,3,3,2.4949,0.6612552775959889,1
15-24,female,gcse,other,9500_17499,2,0,1,0,2,1,2,4,2,4,3,2,1.76752,-1.313071516124142,0
25-34,female,alevel,no_party,9500_17499,2,1,0,1,2,2,2,4,4,1,3,3,2.14332,-0.3218308132340501,0
25-34,male,degree,other,25000plus,3,1,1,0,3,3,4,4,4,5,4,5,0.70046,0.1349925272543115,0
55-64,female,other,other,17500_24999,3,1,1,0,3,5,5,5,5,3,1,4,1.46515,0.1349925272543115,0
15-24,male,student,labour,25000plus,2,1,1,0,1,3,2,4,3,4,2,2,0.3729,0.1349925272543115,0
25-34,female,degree,other,25000plus,3,1,1,0,2,3,4,4,4,5,4,4,2.46959,0.1349925272543115,0
55-64,male,degree,no_party,25000plus,4,1,1,0,2,1,4,5,4,3,4,4,0.74262,0.1349925272543115,0
25-34,male,gcse,no_party,9500_17499,3,1,1,0,2,2,3,4,4,2,3,3,0.90213,0.1349925272543115,0
65plus,male,no_qual,other,up_to_9499,3,1,1,0,3,3,3,4,4,4,3,3,0.3729,0.1349925272543115,0
35-44,female,gcse,other,up_to_9499,3,1,0,0,4,2,2,2,3,2,3,3,2.23834,-0.6248319183436151,0
45-54,male,gcse,other,9500_17499,2,0,0,1,2,3,3,3,4,2,3,3,0.52171,-1.5211301619680593,0
35-44,male,gcse,other,9500_17499,2,1,1,1,3,3,2,4,4,4,3,3,0.62872,0.6612552775959889,1
35-44,male,gcse,other,9500_17499,3,1,1,1,4,2,3,3,4,3,3,1,0.88118,0.6612552775959889,1
25-34,male,gcse,cons,9500_17499,3,1,1,0,3,3,2,3,2,2,3,3,0.70046,0.1349925272543115,0
65plus,male,no_qual,other,9500_17499,2,1,1,0,2,2,2,4,2,2,3,3,0.3729,0.1349925272543115,0
35-44,male,gcse,other,up_to_9499,1,1,1,0,2,1,2,3,2,2,3,3,0.59857,0.1349925272543115,0
35-44,female,no_qual,no_party,up_to_9499,1,0,0,0,3,1,2,3,2,1,2,1,2.00446,-1.7368542675113936,0
25-34,male,gcse,other,up_to_9499,3,1,1,1,2,2,2,4,3,1,3,3,0.5178,0.6612552775959889,1
25-34,male,gcse,other,17500_24999,3,1,1,1,2,2,2,2,4,2,2,3,0.70046,0.6612552775959889,1
35-44,male,gcse,other,17500_24999,3,1,1,1,2,1,2,3,4,2,3,3,0.62872,0.6612552775959889,1
